This is pdfTeX, Version 3.141592653-2.6-1.40.26 (TeX Live 2024) (preloaded format=pdflatex 2024.8.29)  1 MAY 2026 13:41
entering extended mode
 restricted \write18 enabled.
 %&-line parsing enabled.
**"Livret d'automatismes.tex"
(./Livret d'automatismes.tex
LaTeX2e <2023-11-01> patch level 1
L3 programming layer <2024-02-20>
(/usr/local/texlive/2024/texmf-dist/tex/latex/base/article.cls
Document Class: article 2023/05/17 v1.4n Standard LaTeX document class
(/usr/local/texlive/2024/texmf-dist/tex/latex/base/size11.clo
File: size11.clo 2023/05/17 v1.4n Standard LaTeX file (size option)
)
\c@part=\count188
\c@section=\count189
\c@subsection=\count190
\c@subsubsection=\count191
\c@paragraph=\count192
\c@subparagraph=\count193
\c@figure=\count194
\c@table=\count195
\abovecaptionskip=\skip48
\belowcaptionskip=\skip49
\bibindent=\dimen140
)
(/usr/local/texlive/2024/texmf-dist/tex/latex/pgf/utilities/pgfpages.sty
Package: pgfpages 2011/01/05 ver 0.02

(/usr/local/texlive/2024/texmf-dist/tex/latex/pgf/basiclayer/pgfcore.sty
(/usr/local/texlive/2024/texmf-dist/tex/latex/graphics/graphicx.sty
Package: graphicx 2021/09/16 v1.2d Enhanced LaTeX Graphics (DPC,SPQR)

(/usr/local/texlive/2024/texmf-dist/tex/latex/graphics/keyval.sty
Package: keyval 2022/05/29 v1.15 key=value parser (DPC)
\KV@toks@=\toks17
)
(/usr/local/texlive/2024/texmf-dist/tex/latex/graphics/graphics.sty
Package: graphics 2022/03/10 v1.4e Standard LaTeX Graphics (DPC,SPQR)

(/usr/local/texlive/2024/texmf-dist/tex/latex/graphics/trig.sty
Package: trig 2021/08/11 v1.11 sin cos tan (DPC)
)
(/usr/local/texlive/2024/texmf-dist/tex/latex/graphics-cfg/graphics.cfg
File: graphics.cfg 2016/06/04 v1.11 sample graphics configuration
)
Package graphics Info: Driver file: pdftex.def on input line 107.

(/usr/local/texlive/2024/texmf-dist/tex/latex/graphics-def/pdftex.def
File: pdftex.def 2022/09/22 v1.2b Graphics/color driver for pdftex
))
\Gin@req@height=\dimen141
\Gin@req@width=\dimen142
)
(/usr/local/texlive/2024/texmf-dist/tex/latex/pgf/systemlayer/pgfsys.sty
(/usr/local/texlive/2024/texmf-dist/tex/latex/pgf/utilities/pgfrcs.sty
(/usr/local/texlive/2024/texmf-dist/tex/generic/pgf/utilities/pgfutil-common.te
x
\pgfutil@everybye=\toks18
\pgfutil@tempdima=\dimen143
\pgfutil@tempdimb=\dimen144
)
(/usr/local/texlive/2024/texmf-dist/tex/generic/pgf/utilities/pgfutil-latex.def
\pgfutil@abb=\box51
) (/usr/local/texlive/2024/texmf-dist/tex/generic/pgf/utilities/pgfrcs.code.tex
(/usr/local/texlive/2024/texmf-dist/tex/generic/pgf/pgf.revision.tex)
Package: pgfrcs 2023-01-15 v3.1.10 (3.1.10)
))
(/usr/local/texlive/2024/texmf-dist/tex/generic/pgf/systemlayer/pgfsys.code.tex
Package: pgfsys 2023-01-15 v3.1.10 (3.1.10)
(/usr/local/texlive/2024/texmf-dist/tex/generic/pgf/utilities/pgfkeys.code.tex
\pgfkeys@pathtoks=\toks19
\pgfkeys@temptoks=\toks20

(/usr/local/texlive/2024/texmf-dist/tex/generic/pgf/utilities/pgfkeyslibraryfil
tered.code.tex
\pgfkeys@tmptoks=\toks21
))
\pgf@x=\dimen145
\pgf@y=\dimen146
\pgf@xa=\dimen147
\pgf@ya=\dimen148
\pgf@xb=\dimen149
\pgf@yb=\dimen150
\pgf@xc=\dimen151
\pgf@yc=\dimen152
\pgf@xd=\dimen153
\pgf@yd=\dimen154
\w@pgf@writea=\write3
\r@pgf@reada=\read2
\c@pgf@counta=\count196
\c@pgf@countb=\count197
\c@pgf@countc=\count198
\c@pgf@countd=\count199
\t@pgf@toka=\toks22
\t@pgf@tokb=\toks23
\t@pgf@tokc=\toks24
\pgf@sys@id@count=\count266

(/usr/local/texlive/2024/texmf-dist/tex/generic/pgf/systemlayer/pgf.cfg
File: pgf.cfg 2023-01-15 v3.1.10 (3.1.10)
)
Driver file for pgf: pgfsys-pdftex.def

(/usr/local/texlive/2024/texmf-dist/tex/generic/pgf/systemlayer/pgfsys-pdftex.d
ef
File: pgfsys-pdftex.def 2023-01-15 v3.1.10 (3.1.10)

(/usr/local/texlive/2024/texmf-dist/tex/generic/pgf/systemlayer/pgfsys-common-p
df.def
File: pgfsys-common-pdf.def 2023-01-15 v3.1.10 (3.1.10)
)))
(/usr/local/texlive/2024/texmf-dist/tex/generic/pgf/systemlayer/pgfsyssoftpath.
code.tex
File: pgfsyssoftpath.code.tex 2023-01-15 v3.1.10 (3.1.10)
\pgfsyssoftpath@smallbuffer@items=\count267
\pgfsyssoftpath@bigbuffer@items=\count268
)
(/usr/local/texlive/2024/texmf-dist/tex/generic/pgf/systemlayer/pgfsysprotocol.
code.tex
File: pgfsysprotocol.code.tex 2023-01-15 v3.1.10 (3.1.10)
)) (/usr/local/texlive/2024/texmf-dist/tex/latex/xcolor/xcolor.sty
Package: xcolor 2023/11/15 v3.01 LaTeX color extensions (UK)

(/usr/local/texlive/2024/texmf-dist/tex/latex/graphics-cfg/color.cfg
File: color.cfg 2016/01/02 v1.6 sample color configuration
)
Package xcolor Info: Driver file: pdftex.def on input line 274.

(/usr/local/texlive/2024/texmf-dist/tex/latex/graphics/mathcolor.ltx)
Package xcolor Info: Model `cmy' substituted by `cmy0' on input line 1350.
Package xcolor Info: Model `hsb' substituted by `rgb' on input line 1354.
Package xcolor Info: Model `RGB' extended on input line 1366.
Package xcolor Info: Model `HTML' substituted by `rgb' on input line 1368.
Package xcolor Info: Model `Hsb' substituted by `hsb' on input line 1369.
Package xcolor Info: Model `tHsb' substituted by `hsb' on input line 1370.
Package xcolor Info: Model `HSB' substituted by `hsb' on input line 1371.
Package xcolor Info: Model `Gray' substituted by `gray' on input line 1372.
Package xcolor Info: Model `wave' substituted by `hsb' on input line 1373.
)
(/usr/local/texlive/2024/texmf-dist/tex/generic/pgf/basiclayer/pgfcore.code.tex
Package: pgfcore 2023-01-15 v3.1.10 (3.1.10)
(/usr/local/texlive/2024/texmf-dist/tex/generic/pgf/math/pgfmath.code.tex
(/usr/local/texlive/2024/texmf-dist/tex/generic/pgf/math/pgfmathutil.code.tex)
(/usr/local/texlive/2024/texmf-dist/tex/generic/pgf/math/pgfmathparser.code.tex
\pgfmath@dimen=\dimen155
\pgfmath@count=\count269
\pgfmath@box=\box52
\pgfmath@toks=\toks25
\pgfmath@stack@operand=\toks26
\pgfmath@stack@operation=\toks27
)
(/usr/local/texlive/2024/texmf-dist/tex/generic/pgf/math/pgfmathfunctions.code.
tex)
(/usr/local/texlive/2024/texmf-dist/tex/generic/pgf/math/pgfmathfunctions.basic
.code.tex)
(/usr/local/texlive/2024/texmf-dist/tex/generic/pgf/math/pgfmathfunctions.trigo
nometric.code.tex)
(/usr/local/texlive/2024/texmf-dist/tex/generic/pgf/math/pgfmathfunctions.rando
m.code.tex)
(/usr/local/texlive/2024/texmf-dist/tex/generic/pgf/math/pgfmathfunctions.compa
rison.code.tex)
(/usr/local/texlive/2024/texmf-dist/tex/generic/pgf/math/pgfmathfunctions.base.
code.tex)
(/usr/local/texlive/2024/texmf-dist/tex/generic/pgf/math/pgfmathfunctions.round
.code.tex)
(/usr/local/texlive/2024/texmf-dist/tex/generic/pgf/math/pgfmathfunctions.misc.
code.tex)
(/usr/local/texlive/2024/texmf-dist/tex/generic/pgf/math/pgfmathfunctions.integ
erarithmetics.code.tex)
(/usr/local/texlive/2024/texmf-dist/tex/generic/pgf/math/pgfmathcalc.code.tex)
(/usr/local/texlive/2024/texmf-dist/tex/generic/pgf/math/pgfmathfloat.code.tex
\c@pgfmathroundto@lastzeros=\count270
)) (/usr/local/texlive/2024/texmf-dist/tex/generic/pgf/math/pgfint.code.tex)
(/usr/local/texlive/2024/texmf-dist/tex/generic/pgf/basiclayer/pgfcorepoints.co
de.tex
File: pgfcorepoints.code.tex 2023-01-15 v3.1.10 (3.1.10)
\pgf@picminx=\dimen156
\pgf@picmaxx=\dimen157
\pgf@picminy=\dimen158
\pgf@picmaxy=\dimen159
\pgf@pathminx=\dimen160
\pgf@pathmaxx=\dimen161
\pgf@pathminy=\dimen162
\pgf@pathmaxy=\dimen163
\pgf@xx=\dimen164
\pgf@xy=\dimen165
\pgf@yx=\dimen166
\pgf@yy=\dimen167
\pgf@zx=\dimen168
\pgf@zy=\dimen169
)
(/usr/local/texlive/2024/texmf-dist/tex/generic/pgf/basiclayer/pgfcorepathconst
ruct.code.tex
File: pgfcorepathconstruct.code.tex 2023-01-15 v3.1.10 (3.1.10)
\pgf@path@lastx=\dimen170
\pgf@path@lasty=\dimen171
)
(/usr/local/texlive/2024/texmf-dist/tex/generic/pgf/basiclayer/pgfcorepathusage
.code.tex
File: pgfcorepathusage.code.tex 2023-01-15 v3.1.10 (3.1.10)
\pgf@shorten@end@additional=\dimen172
\pgf@shorten@start@additional=\dimen173
)
(/usr/local/texlive/2024/texmf-dist/tex/generic/pgf/basiclayer/pgfcorescopes.co
de.tex
File: pgfcorescopes.code.tex 2023-01-15 v3.1.10 (3.1.10)
\pgfpic=\box53
\pgf@hbox=\box54
\pgf@layerbox@main=\box55
\pgf@picture@serial@count=\count271
)
(/usr/local/texlive/2024/texmf-dist/tex/generic/pgf/basiclayer/pgfcoregraphicst
ate.code.tex
File: pgfcoregraphicstate.code.tex 2023-01-15 v3.1.10 (3.1.10)
\pgflinewidth=\dimen174
)
(/usr/local/texlive/2024/texmf-dist/tex/generic/pgf/basiclayer/pgfcoretransform
ations.code.tex
File: pgfcoretransformations.code.tex 2023-01-15 v3.1.10 (3.1.10)
\pgf@pt@x=\dimen175
\pgf@pt@y=\dimen176
\pgf@pt@temp=\dimen177
)
(/usr/local/texlive/2024/texmf-dist/tex/generic/pgf/basiclayer/pgfcorequick.cod
e.tex
File: pgfcorequick.code.tex 2023-01-15 v3.1.10 (3.1.10)
)
(/usr/local/texlive/2024/texmf-dist/tex/generic/pgf/basiclayer/pgfcoreobjects.c
ode.tex
File: pgfcoreobjects.code.tex 2023-01-15 v3.1.10 (3.1.10)
)
(/usr/local/texlive/2024/texmf-dist/tex/generic/pgf/basiclayer/pgfcorepathproce
ssing.code.tex
File: pgfcorepathprocessing.code.tex 2023-01-15 v3.1.10 (3.1.10)
)
(/usr/local/texlive/2024/texmf-dist/tex/generic/pgf/basiclayer/pgfcorearrows.co
de.tex
File: pgfcorearrows.code.tex 2023-01-15 v3.1.10 (3.1.10)
\pgfarrowsep=\dimen178
)
(/usr/local/texlive/2024/texmf-dist/tex/generic/pgf/basiclayer/pgfcoreshade.cod
e.tex
File: pgfcoreshade.code.tex 2023-01-15 v3.1.10 (3.1.10)
\pgf@max=\dimen179
\pgf@sys@shading@range@num=\count272
\pgf@shadingcount=\count273
)
(/usr/local/texlive/2024/texmf-dist/tex/generic/pgf/basiclayer/pgfcoreimage.cod
e.tex
File: pgfcoreimage.code.tex 2023-01-15 v3.1.10 (3.1.10)
)
(/usr/local/texlive/2024/texmf-dist/tex/generic/pgf/basiclayer/pgfcoreexternal.
code.tex
File: pgfcoreexternal.code.tex 2023-01-15 v3.1.10 (3.1.10)
\pgfexternal@startupbox=\box56
)
(/usr/local/texlive/2024/texmf-dist/tex/generic/pgf/basiclayer/pgfcorelayers.co
de.tex
File: pgfcorelayers.code.tex 2023-01-15 v3.1.10 (3.1.10)
)
(/usr/local/texlive/2024/texmf-dist/tex/generic/pgf/basiclayer/pgfcoretranspare
ncy.code.tex
File: pgfcoretransparency.code.tex 2023-01-15 v3.1.10 (3.1.10)
)
(/usr/local/texlive/2024/texmf-dist/tex/generic/pgf/basiclayer/pgfcorepatterns.
code.tex
File: pgfcorepatterns.code.tex 2023-01-15 v3.1.10 (3.1.10)
)
(/usr/local/texlive/2024/texmf-dist/tex/generic/pgf/basiclayer/pgfcorerdf.code.
tex
File: pgfcorerdf.code.tex 2023-01-15 v3.1.10 (3.1.10)
))) (/usr/local/texlive/2024/texmf-dist/tex/latex/tools/calc.sty
Package: calc 2023/07/08 v4.3 Infix arithmetic (KKT,FJ)
\calc@Acount=\count274
\calc@Bcount=\count275
\calc@Adimen=\dimen180
\calc@Bdimen=\dimen181
\calc@Askip=\skip50
\calc@Bskip=\skip51
LaTeX Info: Redefining \setlength on input line 80.
LaTeX Info: Redefining \addtolength on input line 81.
\calc@Ccount=\count276
\calc@Cskip=\skip52
)
\pgf@logicalpages=\count277
\pgf@firstshipout=\count278
\pgf@lastshipout=\count279
\pgf@currentshipout=\count280
\pgf@cpn=\count281
\pgf@shipoutnextto=\count282
\pgfphysicalheight=\dimen182
\pgfphysicalwidth=\dimen183
\pgfpages@shipoutbox=\box57
)
\pgfpages@box@1=\box58
\pgfpages@box@2=\box59

(/usr/local/texlive/2024/texmf-dist/tex/latex/base/inputenc.sty
Package: inputenc 2021/02/14 v1.3d Input encoding file
\inpenc@prehook=\toks28
\inpenc@posthook=\toks29
)
(/usr/local/texlive/2024/texmf-dist/tex/latex/base/fontenc.sty
Package: fontenc 2021/04/29 v2.0v Standard LaTeX package
)
(/usr/local/texlive/2024/texmf-dist/tex/generic/babel/babel.sty
Package: babel 2024/02/07 v24.2 The Babel package
\babel@savecnt=\count283
\U@D=\dimen184
\l@unhyphenated=\language89

(/usr/local/texlive/2024/texmf-dist/tex/generic/babel/txtbabel.def)
\bbl@readstream=\read3
\bbl@dirlevel=\count284

(/usr/local/texlive/2024/texmf-dist/tex/generic/babel-french/french.ldf
Language: french 2024-02-29 v3.5s French support from the babel system
Package babel Info: Hyphen rules for 'acadian' set to \l@french
(babel)             (\language31). Reported on input line 91.
Package babel Info: Hyphen rules for 'canadien' set to \l@french
(babel)             (\language31). Reported on input line 92.
\FB@stdchar=\count285
Package babel Info: Making : an active character on input line 420.
Package babel Info: Making ; an active character on input line 421.
Package babel Info: Making ! an active character on input line 422.
Package babel Info: Making ? an active character on input line 423.
\FBguill@level=\count286
\FBold@everypar=\toks30
\FB@Mht=\dimen185
\mc@charclass=\count287
\mc@charfam=\count288
\mc@charslot=\count289
\std@mcc=\count290
\dec@mcc=\count291
\FB@parskip=\dimen186
\listindentFB=\dimen187
\descindentFB=\dimen188
\labelindentFB=\dimen189
\labelwidthFB=\dimen190
\leftmarginFB=\dimen191
\parindentFFN=\dimen192
\FBfnindent=\dimen193
))
(/usr/local/texlive/2024/texmf-dist/tex/generic/babel/locale/fr/babel-french.te
x
Package babel Info: Importing font and identification data for french
(babel)             from babel-fr.ini. Reported on input line 11.
) (/usr/local/texlive/2024/texmf-dist/tex/latex/carlisle/scalefnt.sty)
(/usr/local/texlive/2024/texmf-dist/tex/latex/qrcode/qrcode.sty
Package: qrcode 2015/01/08 v1.51 QR code generation

(/usr/local/texlive/2024/texmf-dist/tex/latex/xkeyval/xkeyval.sty
Package: xkeyval 2022/06/16 v2.9 package option processing (HA)

(/usr/local/texlive/2024/texmf-dist/tex/generic/xkeyval/xkeyval.tex
(/usr/local/texlive/2024/texmf-dist/tex/generic/xkeyval/xkvutils.tex
\XKV@toks=\toks31
\XKV@tempa@toks=\toks32
)
\XKV@depth=\count292
File: xkeyval.tex 2014/12/03 v2.7a key=value parser (HA)
))
\c@qr@i=\count293
\c@qr@j=\count294
\qr@a=\count295
\qr@b=\count296
\qr@c=\count297
\qr@for@depth=\count298
\qr@for@maxdepth=\count299
\qr@for@start=\count300
\qr@for@end=\count301
\qr@for@step=\count302
\qr@newforcount=\count303
\qr@newforcount=\count304
\qr@desiredheight=\skip53
\qr@modulesize=\skip54
\qr@minipagewidth=\skip55
\c@maski=\count305
\c@maskj=\count306
\c@totalones=\count307
\c@penaltyi=\count308
\c@penaltyii=\count309
\c@penaltyiii=\count310
\c@penaltyiv=\count311
\c@qr@hexchars=\count312
\qr@newforcount=\count313
\c@qr@divisionsremaining=\count314
)
(/usr/local/texlive/2024/texmf-dist/tex/latex/graphics/rotating.sty
Package: rotating 2016/08/11 v2.16d rotated objects in LaTeX

(/usr/local/texlive/2024/texmf-dist/tex/latex/base/ifthen.sty
Package: ifthen 2022/04/13 v1.1d Standard LaTeX ifthen package (DPC)
)
\c@r@tfl@t=\count315
\rotFPtop=\skip56
\rotFPbot=\skip57
\rot@float@box=\box60
\rot@mess@toks=\toks33
)
(/usr/local/texlive/2024/texmf-dist/tex/latex/lm/lmodern.sty
Package: lmodern 2015/05/01 v1.6.1 Latin Modern Fonts
LaTeX Font Info:    Overwriting symbol font `operators' in version `normal'
(Font)                  OT1/cmr/m/n --> OT1/lmr/m/n on input line 22.
LaTeX Font Info:    Overwriting symbol font `letters' in version `normal'
(Font)                  OML/cmm/m/it --> OML/lmm/m/it on input line 23.
LaTeX Font Info:    Overwriting symbol font `symbols' in version `normal'
(Font)                  OMS/cmsy/m/n --> OMS/lmsy/m/n on input line 24.
LaTeX Font Info:    Overwriting symbol font `largesymbols' in version `normal'
(Font)                  OMX/cmex/m/n --> OMX/lmex/m/n on input line 25.
LaTeX Font Info:    Overwriting symbol font `operators' in version `bold'
(Font)                  OT1/cmr/bx/n --> OT1/lmr/bx/n on input line 26.
LaTeX Font Info:    Overwriting symbol font `letters' in version `bold'
(Font)                  OML/cmm/b/it --> OML/lmm/b/it on input line 27.
LaTeX Font Info:    Overwriting symbol font `symbols' in version `bold'
(Font)                  OMS/cmsy/b/n --> OMS/lmsy/b/n on input line 28.
LaTeX Font Info:    Overwriting symbol font `largesymbols' in version `bold'
(Font)                  OMX/cmex/m/n --> OMX/lmex/m/n on input line 29.
LaTeX Font Info:    Overwriting math alphabet `\mathbf' in version `normal'
(Font)                  OT1/cmr/bx/n --> OT1/lmr/bx/n on input line 31.
LaTeX Font Info:    Overwriting math alphabet `\mathsf' in version `normal'
(Font)                  OT1/cmss/m/n --> OT1/lmss/m/n on input line 32.
LaTeX Font Info:    Overwriting math alphabet `\mathit' in version `normal'
(Font)                  OT1/cmr/m/it --> OT1/lmr/m/it on input line 33.
LaTeX Font Info:    Overwriting math alphabet `\mathtt' in version `normal'
(Font)                  OT1/cmtt/m/n --> OT1/lmtt/m/n on input line 34.
LaTeX Font Info:    Overwriting math alphabet `\mathbf' in version `bold'
(Font)                  OT1/cmr/bx/n --> OT1/lmr/bx/n on input line 35.
LaTeX Font Info:    Overwriting math alphabet `\mathsf' in version `bold'
(Font)                  OT1/cmss/bx/n --> OT1/lmss/bx/n on input line 36.
LaTeX Font Info:    Overwriting math alphabet `\mathit' in version `bold'
(Font)                  OT1/cmr/bx/it --> OT1/lmr/bx/it on input line 37.
LaTeX Font Info:    Overwriting math alphabet `\mathtt' in version `bold'
(Font)                  OT1/cmtt/m/n --> OT1/lmtt/m/n on input line 38.
)
(/usr/local/texlive/2024/texmf-dist/tex/latex/amsmath/amsmath.sty
Package: amsmath 2023/05/13 v2.17o AMS math features
\@mathmargin=\skip58

For additional information on amsmath, use the `?' option.
(/usr/local/texlive/2024/texmf-dist/tex/latex/amsmath/amstext.sty
Package: amstext 2021/08/26 v2.01 AMS text

(/usr/local/texlive/2024/texmf-dist/tex/latex/amsmath/amsgen.sty
File: amsgen.sty 1999/11/30 v2.0 generic functions
\@emptytoks=\toks34
\ex@=\dimen194
))
(/usr/local/texlive/2024/texmf-dist/tex/latex/amsmath/amsbsy.sty
Package: amsbsy 1999/11/29 v1.2d Bold Symbols
\pmbraise@=\dimen195
)
(/usr/local/texlive/2024/texmf-dist/tex/latex/amsmath/amsopn.sty
Package: amsopn 2022/04/08 v2.04 operator names
)
\inf@bad=\count316
LaTeX Info: Redefining \frac on input line 234.
\uproot@=\count317
\leftroot@=\count318
LaTeX Info: Redefining \overline on input line 399.
LaTeX Info: Redefining \colon on input line 410.
\classnum@=\count319
\DOTSCASE@=\count320
LaTeX Info: Redefining \ldots on input line 496.
LaTeX Info: Redefining \dots on input line 499.
LaTeX Info: Redefining \cdots on input line 620.
\Mathstrutbox@=\box61
\strutbox@=\box62
LaTeX Info: Redefining \big on input line 722.
LaTeX Info: Redefining \Big on input line 723.
LaTeX Info: Redefining \bigg on input line 724.
LaTeX Info: Redefining \Bigg on input line 725.
\big@size=\dimen196
LaTeX Font Info:    Redeclaring font encoding OML on input line 743.
LaTeX Font Info:    Redeclaring font encoding OMS on input line 744.
\macc@depth=\count321
LaTeX Info: Redefining \bmod on input line 905.
LaTeX Info: Redefining \pmod on input line 910.
LaTeX Info: Redefining \smash on input line 940.
LaTeX Info: Redefining \relbar on input line 970.
LaTeX Info: Redefining \Relbar on input line 971.
\c@MaxMatrixCols=\count322
\dotsspace@=\muskip16
\c@parentequation=\count323
\dspbrk@lvl=\count324
\tag@help=\toks35
\row@=\count325
\column@=\count326
\maxfields@=\count327
\andhelp@=\toks36
\eqnshift@=\dimen197
\alignsep@=\dimen198
\tagshift@=\dimen199
\tagwidth@=\dimen256
\totwidth@=\dimen257
\lineht@=\dimen258
\@envbody=\toks37
\multlinegap=\skip59
\multlinetaggap=\skip60
\mathdisplay@stack=\toks38
LaTeX Info: Redefining \[ on input line 2953.
LaTeX Info: Redefining \] on input line 2954.
)
(/usr/local/texlive/2024/texmf-dist/tex/latex/amsfonts/amssymb.sty
Package: amssymb 2013/01/14 v3.01 AMS font symbols

(/usr/local/texlive/2024/texmf-dist/tex/latex/amsfonts/amsfonts.sty
Package: amsfonts 2013/01/14 v3.01 Basic AMSFonts support
\symAMSa=\mathgroup4
\symAMSb=\mathgroup5
LaTeX Font Info:    Redeclaring math symbol \hbar on input line 98.
LaTeX Font Info:    Overwriting math alphabet `\mathfrak' in version `bold'
(Font)                  U/euf/m/n --> U/euf/b/n on input line 106.
))
(/usr/local/texlive/2024/texmf-dist/tex/latex/amscls/amsthm.sty
Package: amsthm 2020/05/29 v2.20.6
\thm@style=\toks39
\thm@bodyfont=\toks40
\thm@headfont=\toks41
\thm@notefont=\toks42
\thm@headpunct=\toks43
\thm@preskip=\skip61
\thm@postskip=\skip62
\thm@headsep=\skip63
\dth@everypar=\toks44
)
(/usr/local/texlive/2024/texmf-dist/tex/latex/jknapltx/mathrsfs.sty
Package: mathrsfs 1996/01/01 Math RSFS package v1.0 (jk)
\symrsfs=\mathgroup6
)
(/usr/local/texlive/2024/texmf-dist/tex/latex/enumitem/enumitem.sty
Package: enumitem 2019/06/20 v3.9 Customized lists
\labelindent=\skip64
\enit@outerparindent=\dimen259
\enit@toks=\toks45
\enit@inbox=\box63
\enit@count@id=\count328
\enitdp@description=\count329
)
(/usr/local/texlive/2024/texmf-dist/tex/latex/pgf/frontendlayer/tikz.sty
(/usr/local/texlive/2024/texmf-dist/tex/latex/pgf/basiclayer/pgf.sty
Package: pgf 2023-01-15 v3.1.10 (3.1.10)

(/usr/local/texlive/2024/texmf-dist/tex/generic/pgf/modules/pgfmoduleshapes.cod
e.tex
File: pgfmoduleshapes.code.tex 2023-01-15 v3.1.10 (3.1.10)
\pgfnodeparttextbox=\box64
)
(/usr/local/texlive/2024/texmf-dist/tex/generic/pgf/modules/pgfmoduleplot.code.
tex
File: pgfmoduleplot.code.tex 2023-01-15 v3.1.10 (3.1.10)
)
(/usr/local/texlive/2024/texmf-dist/tex/latex/pgf/compatibility/pgfcomp-version
-0-65.sty
Package: pgfcomp-version-0-65 2023-01-15 v3.1.10 (3.1.10)
\pgf@nodesepstart=\dimen260
\pgf@nodesepend=\dimen261
)
(/usr/local/texlive/2024/texmf-dist/tex/latex/pgf/compatibility/pgfcomp-version
-1-18.sty
Package: pgfcomp-version-1-18 2023-01-15 v3.1.10 (3.1.10)
))
(/usr/local/texlive/2024/texmf-dist/tex/latex/pgf/utilities/pgffor.sty
(/usr/local/texlive/2024/texmf-dist/tex/latex/pgf/utilities/pgfkeys.sty
(/usr/local/texlive/2024/texmf-dist/tex/generic/pgf/utilities/pgfkeys.code.tex)
) (/usr/local/texlive/2024/texmf-dist/tex/latex/pgf/math/pgfmath.sty
(/usr/local/texlive/2024/texmf-dist/tex/generic/pgf/math/pgfmath.code.tex))
(/usr/local/texlive/2024/texmf-dist/tex/generic/pgf/utilities/pgffor.code.tex
Package: pgffor 2023-01-15 v3.1.10 (3.1.10)
\pgffor@iter=\dimen262
\pgffor@skip=\dimen263
\pgffor@stack=\toks46
\pgffor@toks=\toks47
))
(/usr/local/texlive/2024/texmf-dist/tex/generic/pgf/frontendlayer/tikz/tikz.cod
e.tex
Package: tikz 2023-01-15 v3.1.10 (3.1.10)

(/usr/local/texlive/2024/texmf-dist/tex/generic/pgf/libraries/pgflibraryplothan
dlers.code.tex
File: pgflibraryplothandlers.code.tex 2023-01-15 v3.1.10 (3.1.10)
\pgf@plot@mark@count=\count330
\pgfplotmarksize=\dimen264
)
\tikz@lastx=\dimen265
\tikz@lasty=\dimen266
\tikz@lastxsaved=\dimen267
\tikz@lastysaved=\dimen268
\tikz@lastmovetox=\dimen269
\tikz@lastmovetoy=\dimen270
\tikzleveldistance=\dimen271
\tikzsiblingdistance=\dimen272
\tikz@figbox=\box65
\tikz@figbox@bg=\box66
\tikz@tempbox=\box67
\tikz@tempbox@bg=\box68
\tikztreelevel=\count331
\tikznumberofchildren=\count332
\tikznumberofcurrentchild=\count333
\tikz@fig@count=\count334

(/usr/local/texlive/2024/texmf-dist/tex/generic/pgf/modules/pgfmodulematrix.cod
e.tex
File: pgfmodulematrix.code.tex 2023-01-15 v3.1.10 (3.1.10)
\pgfmatrixcurrentrow=\count335
\pgfmatrixcurrentcolumn=\count336
\pgf@matrix@numberofcolumns=\count337
)
\tikz@expandcount=\count338

(/usr/local/texlive/2024/texmf-dist/tex/generic/pgf/frontendlayer/tikz/librarie
s/tikzlibrarytopaths.code.tex
File: tikzlibrarytopaths.code.tex 2023-01-15 v3.1.10 (3.1.10)
)))
(/usr/local/texlive/2024/texmf-dist/tex/latex/tkz-tab/tkz-tab.sty
Package: tkz-tab 2020/04/29 v2.12c variations (ctan version)

(/usr/local/texlive/2024/texmf-dist/tex/generic/pgf/frontendlayer/tikz/librarie
s/tikzlibraryarrows.code.tex
File: tikzlibraryarrows.code.tex 2023-01-15 v3.1.10 (3.1.10)

(/usr/local/texlive/2024/texmf-dist/tex/generic/pgf/libraries/pgflibraryarrows.
code.tex
File: pgflibraryarrows.code.tex 2023-01-15 v3.1.10 (3.1.10)
\arrowsize=\dimen273
))
(/usr/local/texlive/2024/texmf-dist/tex/generic/pgf/frontendlayer/tikz/librarie
s/tikzlibrarypatterns.code.tex
File: tikzlibrarypatterns.code.tex 2023-01-15 v3.1.10 (3.1.10)

(/usr/local/texlive/2024/texmf-dist/tex/generic/pgf/libraries/pgflibrarypattern
s.code.tex
File: pgflibrarypatterns.code.tex 2023-01-15 v3.1.10 (3.1.10)
))
\tkz@XF=\dimen274
\tkz@YF=\dimen275
\c@tkz@cnt@line=\count339
\c@tkz@cnt@lg=\count340
\c@tkz@cnt@cl=\count341
\c@tkz@cnt@pred=\count342
\c@tkz@cnt@temp=\count343
\c@tkz@cnt@arrow=\count344
\c@tkz@cnt@zone=\count345
\c@tkz@cnt@lgnext=\count346
\c@tkz@cnt@clnext=\count347
\c@tkz@cnt@pair=\count348
\c@tkz@cnt@impair=\count349
\c@tkz@cnt@aw=\count350
)
(/usr/local/texlive/2024/texmf-dist/tex/latex/tkz-euclide/tkz-euclide.sty
2024/02/04 5.06c tkz-euclide.sty
Package: tkz-euclide  2024/02/04 5.06c for pure Euclidean Geometry 

(/usr/local/texlive/2024/texmf-dist/tex/generic/pgf/frontendlayer/tikz/librarie
s/tikzlibraryangles.code.tex
File: tikzlibraryangles.code.tex 2023-01-15 v3.1.10 (3.1.10)
)
(/usr/local/texlive/2024/texmf-dist/tex/generic/pgf/libraries/pgflibraryarrows.
meta.code.tex
File: pgflibraryarrows.meta.code.tex 2023-01-15 v3.1.10 (3.1.10)
\pgfarrowinset=\dimen276
\pgfarrowlength=\dimen277
\pgfarrowwidth=\dimen278
\pgfarrowlinewidth=\dimen279
)
(/usr/local/texlive/2024/texmf-dist/tex/generic/pgf/frontendlayer/tikz/librarie
s/tikzlibrarybackgrounds.code.tex
File: tikzlibrarybackgrounds.code.tex 2023-01-15 v3.1.10 (3.1.10)
\pgf@layerbox@background=\box69
\pgf@layerboxsaved@background=\box70
)
(/usr/local/texlive/2024/texmf-dist/tex/generic/pgf/frontendlayer/tikz/librarie
s/tikzlibrarycalc.code.tex
File: tikzlibrarycalc.code.tex 2023-01-15 v3.1.10 (3.1.10)
)
(/usr/local/texlive/2024/texmf-dist/tex/generic/pgf/frontendlayer/tikz/librarie
s/tikzlibrarydecorations.code.tex
(/usr/local/texlive/2024/texmf-dist/tex/generic/pgf/modules/pgfmoduledecoration
s.code.tex
\pgfdecoratedcompleteddistance=\dimen280
\pgfdecoratedremainingdistance=\dimen281
\pgfdecoratedinputsegmentcompleteddistance=\dimen282
\pgfdecoratedinputsegmentremainingdistance=\dimen283
\pgf@decorate@distancetomove=\dimen284
\pgf@decorate@repeatstate=\count351
\pgfdecorationsegmentamplitude=\dimen285
\pgfdecorationsegmentlength=\dimen286
)
\tikz@lib@dec@box=\box71
)
(/usr/local/texlive/2024/texmf-dist/tex/generic/pgf/frontendlayer/tikz/librarie
s/tikzlibrarydecorations.markings.code.tex
(/usr/local/texlive/2024/texmf-dist/tex/generic/pgf/libraries/decorations/pgfli
brarydecorations.markings.code.tex))
(/usr/local/texlive/2024/texmf-dist/tex/generic/pgf/frontendlayer/tikz/librarie
s/tikzlibrarydecorations.pathreplacing.code.tex
(/usr/local/texlive/2024/texmf-dist/tex/generic/pgf/libraries/decorations/pgfli
brarydecorations.pathreplacing.code.tex))
(/usr/local/texlive/2024/texmf-dist/tex/generic/pgf/frontendlayer/tikz/librarie
s/tikzlibrarydecorations.shapes.code.tex
(/usr/local/texlive/2024/texmf-dist/tex/generic/pgf/libraries/decorations/pgfli
brarydecorations.shapes.code.tex))
(/usr/local/texlive/2024/texmf-dist/tex/generic/pgf/frontendlayer/tikz/librarie
s/tikzlibrarydecorations.text.code.tex
(/usr/local/texlive/2024/texmf-dist/tex/generic/pgf/libraries/decorations/pgfli
brarydecorations.text.code.tex
\pgf@lib@dec@text@box=\box72
)
\tikz@lib@dec@te@box=\box73
)
(/usr/local/texlive/2024/texmf-dist/tex/generic/pgf/frontendlayer/tikz/librarie
s/tikzlibrarydecorations.pathmorphing.code.tex
(/usr/local/texlive/2024/texmf-dist/tex/generic/pgf/libraries/decorations/pgfli
brarydecorations.pathmorphing.code.tex))
(/usr/local/texlive/2024/texmf-dist/tex/generic/pgf/frontendlayer/tikz/librarie
s/tikzlibraryintersections.code.tex
(/usr/local/texlive/2024/texmf-dist/tex/generic/pgf/libraries/pgflibraryinterse
ctions.code.tex
(/usr/local/texlive/2024/texmf-dist/tex/generic/pgf/libraries/pgflibraryfpu.cod
e.tex)
\pgf@intersect@solutions=\count352
))
(/usr/local/texlive/2024/texmf-dist/tex/generic/pgf/frontendlayer/tikz/librarie
s/tikzlibrarymath.code.tex
(/usr/local/texlive/2024/texmf-dist/tex/generic/pgf/frontendlayer/tikz/librarie
s/tikzlibraryfpu.code.tex)
\tikz@math@for@depth=\count353
\tikz@math@dimen=\dimen287
\tikz@math@toks=\toks48
)
(/usr/local/texlive/2024/texmf-dist/tex/generic/pgf/frontendlayer/tikz/librarie
s/tikzlibraryplotmarks.code.tex
File: tikzlibraryplotmarks.code.tex 2023-01-15 v3.1.10 (3.1.10)

(/usr/local/texlive/2024/texmf-dist/tex/generic/pgf/libraries/pgflibraryplotmar
ks.code.tex
File: pgflibraryplotmarks.code.tex 2023-01-15 v3.1.10 (3.1.10)
))
(/usr/local/texlive/2024/texmf-dist/tex/generic/pgf/frontendlayer/tikz/librarie
s/tikzlibrarypositioning.code.tex
File: tikzlibrarypositioning.code.tex 2023-01-15 v3.1.10 (3.1.10)
)
(/usr/local/texlive/2024/texmf-dist/tex/generic/pgf/frontendlayer/tikz/librarie
s/tikzlibraryquotes.code.tex
File: tikzlibraryquotes.code.tex 2023-01-15 v3.1.10 (3.1.10)
)
(/usr/local/texlive/2024/texmf-dist/tex/generic/pgf/frontendlayer/tikz/librarie
s/tikzlibraryshapes.misc.code.tex
File: tikzlibraryshapes.misc.code.tex 2023-01-15 v3.1.10 (3.1.10)

(/usr/local/texlive/2024/texmf-dist/tex/generic/pgf/libraries/shapes/pgflibrary
shapes.misc.code.tex
File: pgflibraryshapes.misc.code.tex 2023-01-15 v3.1.10 (3.1.10)
))
(/usr/local/texlive/2024/texmf-dist/tex/generic/pgf/frontendlayer/tikz/librarie
s/tikzlibrarythrough.code.tex
File: tikzlibrarythrough.code.tex 2023-01-15 v3.1.10 (3.1.10)
)
(/usr/local/texlive/2024/texmf-dist/tex/latex/l3packages/xfp/xfp.sty
(/usr/local/texlive/2024/texmf-dist/tex/latex/l3kernel/expl3.sty
Package: expl3 2024-02-20 L3 programming layer (loader) 

(/usr/local/texlive/2024/texmf-dist/tex/latex/l3backend/l3backend-pdftex.def
File: l3backend-pdftex.def 2024-02-20 L3 backend support: PDF output (pdfTeX)
\l__color_backend_stack_int=\count354
\l__pdf_internal_box=\box74
))
Package: xfp 2024-02-18 L3 Floating point unit
) (/usr/local/texlive/2024/texmf-dist/tex/latex/xpatch/xpatch.sty
Package: xpatch 2020/03/25 v0.3a Extending etoolbox patching commands

(/usr/local/texlive/2024/texmf-dist/tex/latex/l3packages/xparse/xparse.sty
Package: xparse 2024-02-18 L3 Experimental document command parser
)
(/usr/local/texlive/2024/texmf-dist/tex/latex/etoolbox/etoolbox.sty
Package: etoolbox 2020/10/05 v2.5k e-TeX tools for LaTeX (JAW)
\etb@tempcnta=\count355
))
\tkzRadius=\dimen288
\tkzLength=\dimen289
\tkz@radi=\dimen290
\tkz@ax=\dimen291
\tkz@ay=\dimen292
\tkz@bx=\dimen293
\tkz@by=\dimen294
\tkz@cx=\dimen295
\tkz@cy=\dimen296
\tkz@dx=\dimen297
\tkz@dy=\dimen298
\tkz@cntmk=\count356

Local configuration file tkz-euclide.cfg found and used
(/usr/local/texlive/2024/texmf-dist/tex/latex/tkz-euclide/tkz-euclide.cfg
2024/02/04 5.06c tkz-euclide.cfg
)
(/usr/local/texlive/2024/texmf-dist/tex/latex/tkz-euclide/tkz-tools-eu-base.tex
2024/02/04 5.06c tkz-tools-eu-base.tex
)
(/usr/local/texlive/2024/texmf-dist/tex/latex/tkz-euclide/tkz-tools-eu-utilitie
s.tex
2024/02/04 5.06c tkz-tools-eu-utilities.tex
) (/usr/local/texlive/2024/texmf-dist/tex/latex/tkz-euclide/tkz-tools-eu-BB.tex
2024/02/04 5.06c tkz-obj-eu-BB.tex
)
(/usr/local/texlive/2024/texmf-dist/tex/latex/tkz-euclide/tkz-obj-eu-grids.tex
2024/02/04 5.06c tkz-obj-eu-grids.tex
)
(/usr/local/texlive/2024/texmf-dist/tex/latex/tkz-euclide/tkz-lib-eu-marks.tex
2024/02/04 5.06c tkz-lib-eu-marks.tex
)
(/usr/local/texlive/2024/texmf-dist/tex/latex/tkz-euclide/tkz-tools-eu-text.tex
2024/02/04 5.06c tkz-tools-eu-text.tex
)
(/usr/local/texlive/2024/texmf-dist/tex/latex/tkz-euclide/tkz-lib-eu-shape.tex
2024/02/04 5.06c tkz-lib-eu-shape.tex
)
(/usr/local/texlive/2024/texmf-dist/tex/latex/tkz-euclide/tkz-obj-eu-axesmin.te
x
2024/02/04 5.06c tkz-obj-eu-axesmin
)
(/usr/local/texlive/2024/texmf-dist/tex/latex/tkz-euclide/tkz-tools-eu-colors.t
ex
2024/02/04 5.06c tkz-tools-eu-colors
)
(/usr/local/texlive/2024/texmf-dist/tex/latex/tkz-euclide/tkz-obj-eu-points.tex
2024/02/04 5.06c tkz-obj-eu-points.tex
)
(/usr/local/texlive/2024/texmf-dist/tex/latex/tkz-euclide/tkz-draw-eu-points.te
x
2024/02/04 5.06c tkz-draw-eu-points.tex
)
(/usr/local/texlive/2024/texmf-dist/tex/latex/tkz-euclide/tkz-obj-eu-points.tex
2024/02/04 5.06c tkz-obj-eu-points.tex
)
(/usr/local/texlive/2024/texmf-dist/tex/latex/tkz-euclide/tkz-obj-eu-points-by.
tex
2024/02/04 5.06c tkz-tools-eu-points-by.tex
)
(/usr/local/texlive/2024/texmf-dist/tex/latex/tkz-euclide/tkz-tools-eu-math.tex
2024/02/04 5.06c tkz-tools-eu-math.tex
)
(/usr/local/texlive/2024/texmf-dist/tex/latex/tkz-euclide/tkz-tools-eu-intersec
tions.tex
2024/02/04 5.06c tkz-tools-eu-intersections.tex
)
(/usr/local/texlive/2024/texmf-dist/tex/latex/tkz-euclide/tkz-obj-eu-points-wit
h.tex
2024/02/04 5.06c tkz-obj-eu-points-with.tex
)
(/usr/local/texlive/2024/texmf-dist/tex/latex/tkz-euclide/tkz-obj-eu-points-spc
.tex
2024/02/04 5.06c tkz-obj-el-points.tex
)
(/usr/local/texlive/2024/texmf-dist/tex/latex/tkz-euclide/tkz-tools-eu-angles.t
ex
2024/02/04 5.06c tkz-tools-eu-angles.tex
)
(/usr/local/texlive/2024/texmf-dist/tex/latex/tkz-euclide/tkz-obj-eu-circles.te
x
2024/02/04 5.06c tkz-obj-eu-circles.tex
)
(/usr/local/texlive/2024/texmf-dist/tex/latex/tkz-euclide/tkz-obj-eu-circles-by
.tex
2024/02/04 5.06c tkz-obj-eu-circles.tex
)
(/usr/local/texlive/2024/texmf-dist/tex/latex/tkz-euclide/tkz-obj-eu-points-rnd
.tex
2024/02/04 5.06c tkz-obj-eu-points-rnd.tex
)
(/usr/local/texlive/2024/texmf-dist/tex/latex/tkz-euclide/tkz-obj-eu-lines.tex
2024/02/04 5.06c tkz-obj-eu-lines.tex
)
(/usr/local/texlive/2024/texmf-dist/tex/latex/tkz-euclide/tkz-obj-eu-polygons.t
ex
2024/02/04 5.06c tkz-obj-eu-polygons.tex
)
(/usr/local/texlive/2024/texmf-dist/tex/latex/tkz-euclide/tkz-obj-eu-triangles.
tex
2024/02/04 5.06c tkz-obj-eu-triangles.tex
)
(/usr/local/texlive/2024/texmf-dist/tex/latex/tkz-euclide/tkz-draw-eu-lines.tex
2024/02/04 5.06c tkz-obj-eu-draw-lines.tex
)
(/usr/local/texlive/2024/texmf-dist/tex/latex/tkz-euclide/tkz-draw-eu-circles.t
ex
2024/02/04 5.06c tkz-obj-eu-draw-circles.tex
)
(/usr/local/texlive/2024/texmf-dist/tex/latex/tkz-euclide/tkz-draw-eu-ellipses.
tex
2024/02/04 5.06c tkz-obj-eu-draw-ellipses.tex
)
(/usr/local/texlive/2024/texmf-dist/tex/latex/tkz-euclide/tkz-draw-eu-polygons.
tex
2024/02/04 5.06c tkz-obj-eu-polygons.tex
)
(/usr/local/texlive/2024/texmf-dist/tex/latex/tkz-euclide/tkz-draw-eu-angles.te
x
2024/02/04 5.06c tkz-tool-eu-angles.tex
)
(/usr/local/texlive/2024/texmf-dist/tex/latex/tkz-euclide/tkz-draw-eu-sectors.t
ex
2024/02/04 5.06c tkz-obj-eu-sectors.tex
)
(/usr/local/texlive/2024/texmf-dist/tex/latex/tkz-euclide/tkz-draw-eu-compass.t
ex
2024/02/04 5.06c tkz-obj-eu-compass.tex
)
(/usr/local/texlive/2024/texmf-dist/tex/latex/tkz-euclide/tkz-draw-eu-show.tex
2024/02/04 5.06c tkz-obj-eu-show.tex
)
(/usr/local/texlive/2024/texmf-dist/tex/latex/tkz-euclide/tkz-draw-eu-protracto
r.tex
2024/02/04 5.06c tkz-obj-eu-protractor.tex
))
(/usr/local/texlive/2024/texmf-dist/tex/generic/pgf/frontendlayer/tikz/librarie
s/tikzlibrarybabel.code.tex
File: tikzlibrarybabel.code.tex 2023-01-15 v3.1.10 (3.1.10)
)
(/usr/local/texlive/2024/texmf-dist/tex/generic/pgf/frontendlayer/tikz/librarie
s/tikzlibraryfit.code.tex
File: tikzlibraryfit.code.tex 2023-01-15 v3.1.10 (3.1.10)
)
(/usr/local/texlive/2024/texmf-dist/tex/generic/pgf/frontendlayer/tikz/librarie
s/tikzlibraryshapes.geometric.code.tex
File: tikzlibraryshapes.geometric.code.tex 2023-01-15 v3.1.10 (3.1.10)

(/usr/local/texlive/2024/texmf-dist/tex/generic/pgf/libraries/shapes/pgflibrary
shapes.geometric.code.tex
File: pgflibraryshapes.geometric.code.tex 2023-01-15 v3.1.10 (3.1.10)
))
(/usr/local/texlive/2024/texmf-dist/tex/generic/pgf/frontendlayer/tikz/librarie
s/tikzlibraryshapes.symbols.code.tex
File: tikzlibraryshapes.symbols.code.tex 2023-01-15 v3.1.10 (3.1.10)

(/usr/local/texlive/2024/texmf-dist/tex/generic/pgf/libraries/shapes/pgflibrary
shapes.symbols.code.tex
File: pgflibraryshapes.symbols.code.tex 2023-01-15 v3.1.10 (3.1.10)
))
(/usr/local/texlive/2024/texmf-dist/tex/generic/pgf/frontendlayer/tikz/librarie
s/tikzlibraryshapes.arrows.code.tex
File: tikzlibraryshapes.arrows.code.tex 2023-01-15 v3.1.10 (3.1.10)

(/usr/local/texlive/2024/texmf-dist/tex/generic/pgf/libraries/shapes/pgflibrary
shapes.arrows.code.tex
File: pgflibraryshapes.arrows.code.tex 2023-01-15 v3.1.10 (3.1.10)
))
(/usr/local/texlive/2024/texmf-dist/tex/generic/pgf/frontendlayer/tikz/librarie
s/tikzlibraryshapes.callouts.code.tex
(/usr/local/texlive/2024/texmf-dist/tex/generic/pgf/libraries/shapes/pgflibrary
shapes.callouts.code.tex))
(/usr/local/texlive/2024/texmf-dist/tex/generic/pgf/frontendlayer/tikz/librarie
s/tikzlibraryshapes.multipart.code.tex
File: tikzlibraryshapes.multipart.code.tex 2023-01-15 v3.1.10 (3.1.10)

(/usr/local/texlive/2024/texmf-dist/tex/generic/pgf/libraries/shapes/pgflibrary
shapes.multipart.code.tex
File: pgflibraryshapes.multipart.code.tex 2023-01-15 v3.1.10 (3.1.10)
\pgfnodepartlowerbox=\box75
\pgfnodeparttwobox=\box76
\pgfnodepartthreebox=\box77
\pgfnodepartfourbox=\box78
\pgfnodeparttwentybox=\box79
\pgfnodepartnineteenbox=\box80
\pgfnodeparteighteenbox=\box81
\pgfnodepartseventeenbox=\box82
\pgfnodepartsixteenbox=\box83
\pgfnodepartfifteenbox=\box84
\pgfnodepartfourteenbox=\box85
\pgfnodepartthirteenbox=\box86
\pgfnodeparttwelvebox=\box87
\pgfnodepartelevenbox=\box88
\pgfnodeparttenbox=\box89
\pgfnodepartninebox=\box90
\pgfnodeparteightbox=\box91
\pgfnodepartsevenbox=\box92
\pgfnodepartsixbox=\box93
\pgfnodepartfivebox=\box94
))
(/usr/local/texlive/2024/texmf-dist/tex/generic/pgf/frontendlayer/tikz/librarie
s/tikzlibraryshapes.gates.logic.US.code.tex
File: tikzlibraryshapes.gates.logic.US.code.tex 2023-01-15 v3.1.10 (3.1.10)

(/usr/local/texlive/2024/texmf-dist/tex/generic/pgf/libraries/shapes/circuits/p
gflibraryshapes.gates.logic.US.code.tex
(/usr/local/texlive/2024/texmf-dist/tex/generic/pgf/libraries/shapes/circuits/p
gflibraryshapes.gates.logic.code.tex)))
(/usr/local/texlive/2024/texmf-dist/tex/generic/pgf/frontendlayer/tikz/librarie
s/tikzlibraryshapes.gates.logic.IEC.code.tex
File: tikzlibraryshapes.gates.logic.IEC.code.tex 2023-01-15 v3.1.10 (3.1.10)

(/usr/local/texlive/2024/texmf-dist/tex/generic/pgf/libraries/shapes/circuits/p
gflibraryshapes.gates.logic.IEC.code.tex))
(/usr/local/texlive/2024/texmf-dist/tex/generic/pgf/frontendlayer/tikz/librarie
s/tikzlibraryer.code.tex
File: tikzlibraryer.code.tex 2023-01-15 v3.1.10 (3.1.10)
)
(/usr/local/texlive/2024/texmf-dist/tex/generic/pgf/frontendlayer/tikz/librarie
s/tikzlibraryautomata.code.tex
File: tikzlibraryautomata.code.tex 2023-01-15 v3.1.10 (3.1.10)
)
(/usr/local/texlive/2024/texmf-dist/tex/generic/pgf/frontendlayer/tikz/librarie
s/tikzlibrarychains.code.tex
File: tikzlibrarychains.code.tex 2023-01-15 v3.1.10 (3.1.10)
)
(/usr/local/texlive/2024/texmf-dist/tex/generic/pgf/frontendlayer/tikz/librarie
s/tikzlibrarytrees.code.tex
File: tikzlibrarytrees.code.tex 2023-01-15 v3.1.10 (3.1.10)
)
(/usr/local/texlive/2024/texmf-dist/tex/generic/pgf/frontendlayer/tikz/librarie
s/tikzlibrarypetri.code.tex
File: tikzlibrarypetri.code.tex 2023-01-15 v3.1.10 (3.1.10)
)
(/usr/local/texlive/2024/texmf-dist/tex/generic/pgf/frontendlayer/tikz/librarie
s/tikzlibrarymindmap.code.tex
File: tikzlibrarymindmap.code.tex 2023-01-15 v3.1.10 (3.1.10)
)
(/usr/local/texlive/2024/texmf-dist/tex/generic/pgf/frontendlayer/tikz/librarie
s/tikzlibrarymatrix.code.tex
File: tikzlibrarymatrix.code.tex 2023-01-15 v3.1.10 (3.1.10)
)
(/usr/local/texlive/2024/texmf-dist/tex/generic/pgf/frontendlayer/tikz/librarie
s/tikzlibrarycalendar.code.tex
File: tikzlibrarycalendar.code.tex 2023-01-15 v3.1.10 (3.1.10)

(/usr/local/texlive/2024/texmf-dist/tex/latex/pgf/utilities/pgfcalendar.sty
(/usr/local/texlive/2024/texmf-dist/tex/generic/pgf/utilities/pgfcalendar.code.
tex
File: pgfcalendar.code.tex 2023-01-15 v3.1.10 (3.1.10)
\pgfcalendarcurrentjulian=\count357
\pgf@cal@easter@Y=\count358
\pgf@cal@easter@G=\count359
\pgf@cal@easter@C=\count360
\pgf@cal@easter@X=\count361
\pgf@cal@easter@Z=\count362
\pgf@cal@easter@D=\count363
\pgf@cal@easter@E=\count364
\pgf@cal@easter@N=\count365
\pgf@cal@easter@M=\count366
\pgf@cal@easter@julianday=\count367
)))
(/usr/local/texlive/2024/texmf-dist/tex/generic/pgf/frontendlayer/tikz/librarie
s/tikzlibraryfolding.code.tex
File: tikzlibraryfolding.code.tex 2023-01-15 v3.1.10 (3.1.10)
\tikz@lib@fold@length=\dimen299
)
(/usr/local/texlive/2024/texmf-dist/tex/generic/pgf/frontendlayer/tikz/librarie
s/tikzlibraryfadings.code.tex
File: tikzlibraryfadings.code.tex 2023-01-15 v3.1.10 (3.1.10)

(/usr/local/texlive/2024/texmf-dist/tex/generic/pgf/libraries/pgflibraryfadings
.code.tex
File: pgflibraryfadings.code.tex 2023-01-15 v3.1.10 (3.1.10)
))
(/usr/local/texlive/2024/texmf-dist/tex/generic/pgf/frontendlayer/tikz/librarie
s/tikzlibraryscopes.code.tex
File: tikzlibraryscopes.code.tex 2023-01-15 v3.1.10 (3.1.10)
)
(/usr/local/texlive/2024/texmf-dist/tex/generic/pgf/frontendlayer/tikz/librarie
s/tikzlibrarydecorations.fractals.code.tex
(/usr/local/texlive/2024/texmf-dist/tex/generic/pgf/libraries/decorations/pgfli
brarydecorations.fractals.code.tex))
(/usr/local/texlive/2024/texmf-dist/tex/generic/pgf/frontendlayer/tikz/librarie
s/tikzlibrarydecorations.footprints.code.tex
(/usr/local/texlive/2024/texmf-dist/tex/generic/pgf/libraries/decorations/pgfli
brarydecorations.footprints.code.tex))
(/usr/local/texlive/2024/texmf-dist/tex/generic/pgf/frontendlayer/tikz/librarie
s/tikzlibraryshadows.code.tex
File: tikzlibraryshadows.code.tex 2023-01-15 v3.1.10 (3.1.10)
)
(/usr/local/texlive/2024/texmf-dist/tex/latex/pgfplots/pgfplots.sty
(/usr/local/texlive/2024/texmf-dist/tex/generic/pgfplots/pgfplots.revision.tex)
Package: pgfplots 2021/05/15 v1.18.1 Data Visualization (1.18.1)
(/usr/local/texlive/2024/texmf-dist/tex/generic/pgfplots/pgfplots.code.tex
(/usr/local/texlive/2024/texmf-dist/tex/generic/pgfplots/pgfplotscore.code.tex
\t@pgfplots@toka=\toks49
\t@pgfplots@tokb=\toks50
\t@pgfplots@tokc=\toks51
\pgfplots@tmpa=\dimen300
\c@pgfplots@coordindex=\count368
\c@pgfplots@scanlineindex=\count369

(/usr/local/texlive/2024/texmf-dist/tex/generic/pgfplots/sys/pgfplotssysgeneric
.code.tex))
(/usr/local/texlive/2024/texmf-dist/tex/generic/pgfplots/libs/pgfplotslibrary.c
ode.tex)
(/usr/local/texlive/2024/texmf-dist/tex/generic/pgfplots/oldpgfcompatib/pgfplot
soldpgfsupp_loader.code.tex
Package pgfplots: loading complementary utilities for your pgf version...
\t@pgf@toka=\toks52
\t@pgf@tokb=\toks53
\t@pgf@tokc=\toks54

(/usr/local/texlive/2024/texmf-dist/tex/generic/pgfplots/oldpgfcompatib/pgfplot
soldpgfsupp_pgfutil-common-lists.tex))
(/usr/local/texlive/2024/texmf-dist/tex/generic/pgfplots/util/pgfplotsutil.code
.tex
(/usr/local/texlive/2024/texmf-dist/tex/generic/pgfplots/liststructure/pgfplots
liststructure.code.tex)
(/usr/local/texlive/2024/texmf-dist/tex/generic/pgfplots/liststructure/pgfplots
liststructureext.code.tex)
(/usr/local/texlive/2024/texmf-dist/tex/generic/pgfplots/liststructure/pgfplots
array.code.tex
\c@pgfplotsarray@tmp=\count370
)
(/usr/local/texlive/2024/texmf-dist/tex/generic/pgfplots/liststructure/pgfplots
matrix.code.tex)
(/usr/local/texlive/2024/texmf-dist/tex/generic/pgfplots/numtable/pgfplotstable
shared.code.tex
\c@pgfplotstable@counta=\count371
\t@pgfplotstable@a=\toks55
)
(/usr/local/texlive/2024/texmf-dist/tex/generic/pgfplots/liststructure/pgfplots
deque.code.tex)
(/usr/local/texlive/2024/texmf-dist/tex/generic/pgfplots/util/pgfplotsbinary.co
de.tex
(/usr/local/texlive/2024/texmf-dist/tex/generic/pgfplots/util/pgfplotsbinary.da
ta.code.tex))
(/usr/local/texlive/2024/texmf-dist/tex/generic/pgfplots/util/pgfplotsutil.verb
.code.tex)
(/usr/local/texlive/2024/texmf-dist/tex/generic/pgfplots/libs/pgflibrarypgfplot
s.surfshading.code.tex
\c@pgfplotslibrarysurf@no=\count372

(/usr/local/texlive/2024/texmf-dist/tex/generic/pgfplots/sys/pgflibrarypgfplots
.surfshading.pgfsys-pdftex.def)))
(/usr/local/texlive/2024/texmf-dist/tex/generic/pgfplots/util/pgfplotscolormap.
code.tex
(/usr/local/texlive/2024/texmf-dist/tex/generic/pgfplots/util/pgfplotscolor.cod
e.tex))
(/usr/local/texlive/2024/texmf-dist/tex/generic/pgfplots/pgfplotsstackedplots.c
ode.tex)
(/usr/local/texlive/2024/texmf-dist/tex/generic/pgfplots/pgfplotsplothandlers.c
ode.tex
(/usr/local/texlive/2024/texmf-dist/tex/generic/pgfplots/pgfplotsmeshplothandle
r.code.tex
(/usr/local/texlive/2024/texmf-dist/tex/generic/pgfplots/pgfplotsmeshplotimage.
code.tex)))
(/usr/local/texlive/2024/texmf-dist/tex/generic/pgfplots/pgfplots.scaling.code.
tex)
(/usr/local/texlive/2024/texmf-dist/tex/generic/pgfplots/pgfplotscoordprocessin
g.code.tex)
(/usr/local/texlive/2024/texmf-dist/tex/generic/pgfplots/pgfplots.errorbars.cod
e.tex)
(/usr/local/texlive/2024/texmf-dist/tex/generic/pgfplots/pgfplots.markers.code.
tex)
(/usr/local/texlive/2024/texmf-dist/tex/generic/pgfplots/pgfplotsticks.code.tex
)
(/usr/local/texlive/2024/texmf-dist/tex/generic/pgfplots/pgfplots.paths.code.te
x)
(/usr/local/texlive/2024/texmf-dist/tex/generic/pgfplots/libs/tikzlibrarypgfplo
ts.contourlua.code.tex)
\pgfplots@numplots=\count373
\pgfplots@xmin@reg=\dimen301
\pgfplots@xmax@reg=\dimen302
\pgfplots@ymin@reg=\dimen303
\pgfplots@ymax@reg=\dimen304
\pgfplots@zmin@reg=\dimen305
\pgfplots@zmax@reg=\dimen306
))
(/usr/local/texlive/2024/texmf-dist/tex/generic/pgfplots/libs/tikzlibrarypgfplo
ts.statistics.code.tex)
(/usr/local/texlive/2024/texmf-dist/tex/latex/multirow/multirow.sty
Package: multirow 2021/03/15 v2.8 Span multiple rows of a table
\multirow@colwidth=\skip65
\multirow@cntb=\count374
\multirow@dima=\skip66
\bigstrutjot=\dimen307
)
(/usr/local/texlive/2024/texmf-dist/tex/latex/tools/array.sty
Package: array 2023/10/16 v2.5g Tabular extension package (FMi)
\col@sep=\dimen308
\ar@mcellbox=\box95
\extrarowheight=\dimen309
\NC@list=\toks56
\extratabsurround=\skip67
\backup@length=\skip68
\ar@cellbox=\box96
)
(/usr/local/texlive/2024/texmf-dist/tex/latex/colortbl/colortbl.sty
Package: colortbl 2024/02/20 v1.0g Color table columns (DPC)
\everycr=\toks57
\minrowclearance=\skip69
\rownum=\count375
)
(/usr/local/texlive/2024/texmf-dist/tex/latex/changepage/changepage.sty
Package: changepage 2009/10/20 v1.0c check page and change page layout
\c@cp@cntr=\count376
\cp@tempcnt=\count377
)
(/usr/local/texlive/2024/texmf-dist/tex/latex/geometry/geometry.sty
Package: geometry 2020/01/02 v5.9 Page Geometry

(/usr/local/texlive/2024/texmf-dist/tex/generic/iftex/ifvtex.sty
Package: ifvtex 2019/10/25 v1.7 ifvtex legacy package. Use iftex instead.

(/usr/local/texlive/2024/texmf-dist/tex/generic/iftex/iftex.sty
Package: iftex 2022/02/03 v1.0f TeX engine tests
))
\Gm@cnth=\count378
\Gm@cntv=\count379
\c@Gm@tempcnt=\count380
\Gm@bindingoffset=\dimen310
\Gm@wd@mp=\dimen311
\Gm@odd@mp=\dimen312
\Gm@even@mp=\dimen313
\Gm@layoutwidth=\dimen314
\Gm@layoutheight=\dimen315
\Gm@layouthoffset=\dimen316
\Gm@layoutvoffset=\dimen317
\Gm@dimlist=\toks58
)
(/usr/local/texlive/2024/texmf-dist/tex/latex/fancyhdr/fancyhdr.sty
Package: fancyhdr 2022/11/09 v4.1 Extensive control of page headers and footers

\f@nch@headwidth=\skip70
\f@nch@O@elh=\skip71
\f@nch@O@erh=\skip72
\f@nch@O@olh=\skip73
\f@nch@O@orh=\skip74
\f@nch@O@elf=\skip75
\f@nch@O@erf=\skip76
\f@nch@O@olf=\skip77
\f@nch@O@orf=\skip78
)
(/usr/local/texlive/2024/texmf-dist/tex/latex/titlesec/titlesec.sty
Package: titlesec 2023/10/27 v2.16 Sectioning titles
\ttl@box=\box97
\beforetitleunit=\skip79
\aftertitleunit=\skip80
\ttl@plus=\dimen318
\ttl@minus=\dimen319
\ttl@toksa=\toks59
\titlewidth=\dimen320
\titlewidthlast=\dimen321
\titlewidthfirst=\dimen322
)
(/usr/local/texlive/2024/texmf-dist/tex/latex/profcollege/ProfCollege.sty
Package: ProfCollege 2024/01/22 v0.99-z-z Aide pour utiliser LaTeX au college

(/usr/local/texlive/2024/texmf-dist/tex/latex/tools/verbatim.sty
Package: verbatim 2023-11-06 v1.5v LaTeX2e package for verbatim enhancements
\every@verbatim=\toks60
\verbatim@line=\toks61
\verbatim@in@stream=\read4
)
(/usr/local/texlive/2024/texmf-dist/tex/latex/mathtools/mathtools.sty
Package: mathtools 2024/03/11 v1.30 mathematical typesetting tools

(/usr/local/texlive/2024/texmf-dist/tex/latex/mathtools/mhsetup.sty
Package: mhsetup 2021/03/18 v1.4 programming setup (MH)
)
\g_MT_multlinerow_int=\count381
\l_MT_multwidth_dim=\dimen323
\origjot=\skip81
\l_MT_shortvdotswithinadjustabove_dim=\dimen324
\l_MT_shortvdotswithinadjustbelow_dim=\dimen325
\l_MT_above_intertext_sep=\dimen326
\l_MT_below_intertext_sep=\dimen327
\l_MT_above_shortintertext_sep=\dimen328
\l_MT_below_shortintertext_sep=\dimen329
\xmathstrut@box=\box98
\xmathstrut@dim=\dimen330
)
(/usr/local/texlive/2024/texmf-dist/tex/latex/siunitx/siunitx.sty
Package: siunitx 2024-02-15 v3.3.12 A comprehensive (SI) units package
\l__siunitx_number_uncert_offset_int=\count382
\l__siunitx_number_exponent_fixed_int=\count383
\l__siunitx_number_min_decimal_int=\count384
\l__siunitx_number_min_integer_int=\count385
\l__siunitx_number_round_precision_int=\count386
\l__siunitx_number_lower_threshold_int=\count387
\l__siunitx_number_upper_threshold_int=\count388
\l__siunitx_number_group_first_int=\count389
\l__siunitx_number_group_size_int=\count390
\l__siunitx_number_group_minimum_int=\count391
\l__siunitx_angle_tmp_dim=\dimen331
\l__siunitx_angle_marker_box=\box99
\l__siunitx_angle_unit_box=\box100
\l__siunitx_compound_count_int=\count392

(/usr/local/texlive/2024/texmf-dist/tex/latex/translations/translations.sty
Package: translations 2022/02/05 v1.12 internationalization of LaTeX2e packages
 (CN)

(/usr/local/texlive/2024/texmf-dist/tex/generic/pdftexcmds/pdftexcmds.sty
Package: pdftexcmds 2020-06-27 v0.33 Utility functions of pdfTeX for LuaTeX (HO
)

(/usr/local/texlive/2024/texmf-dist/tex/generic/infwarerr/infwarerr.sty
Package: infwarerr 2019/12/03 v1.5 Providing info/warning/error messages (HO)
)
(/usr/local/texlive/2024/texmf-dist/tex/generic/ltxcmds/ltxcmds.sty
Package: ltxcmds 2023-12-04 v1.26 LaTeX kernel commands for general use (HO)
)
Package pdftexcmds Info: \pdf@primitive is available.
Package pdftexcmds Info: \pdf@ifprimitive is available.
Package pdftexcmds Info: \pdfdraftmode found.
))
\l__siunitx_table_tmp_box=\box101
\l__siunitx_table_tmp_dim=\dimen332
\l__siunitx_table_column_width_dim=\dimen333
\l__siunitx_table_integer_box=\box102
\l__siunitx_table_decimal_box=\box103
\l__siunitx_table_uncert_box=\box104
\l__siunitx_table_before_box=\box105
\l__siunitx_table_after_box=\box106
\l__siunitx_table_before_dim=\dimen334
\l__siunitx_table_carry_dim=\dimen335
\l__siunitx_unit_tmp_int=\count393
\l__siunitx_unit_position_int=\count394
\l__siunitx_unit_total_int=\count395
)
(/usr/local/texlive/2024/texmf-dist/tex/latex/xcolor/svgnam.def
File: svgnam.def 2023/11/15 v3.01 Predefined colors according to SVG 1.1 (UK)
)
(/usr/local/texlive/2024/texmf-dist/tex/generic/xstring/xstring.sty
(/usr/local/texlive/2024/texmf-dist/tex/generic/xstring/xstring.tex
\xs_counta=\count396
\xs_countb=\count397
)
Package: xstring 2023/08/22 v1.86 String manipulations (CT)
)
(/usr/local/texlive/2024/texmf-dist/tex/generic/simplekv/simplekv.sty
(/usr/local/texlive/2024/texmf-dist/tex/generic/simplekv/simplekv.tex)
Package: simplekv 2023/10/02 v0.2c Simple keyval package (CT)
)
(/usr/local/texlive/2024/texmf-dist/tex/generic/modulus/modulus.sty
Package: modulus 2018/05/07 v1.0 Modulus/modulo operator in plain TeX
\remainder=\count398
\intquotient=\count399
)
(/usr/local/texlive/2024/texmf-dist/tex/generic/xint/xinttools.sty
(/usr/local/texlive/2024/texmf-dist/tex/generic/xint/xintkernel.sty
Package: xintkernel 2022/06/10 v1.4m Paraphernalia for the xint packages (JFB)
\xint_c_ii^xiv=\count400
\xint_c_ii^xxi=\count401
)
Package: xinttools 2022/06/10 v1.4m Expandable and non-expandable utilities (JF
B)
\XINT_toks=\toks62
)
(/usr/local/texlive/2024/texmf-dist/tex/latex/gmp/gmp.sty
Package: gmp 2011/03/10 v1.0 Integrate MetaPost with LaTeX (EG)

(/usr/local/texlive/2024/texmf-dist/tex/generic/iftex/ifpdf.sty
Package: ifpdf 2019/10/25 v3.4 ifpdf legacy package. Use iftex instead.
)
(/usr/local/texlive/2024/texmf-dist/tex/generic/iftex/ifxetex.sty
Package: ifxetex 2019/10/25 v0.7 ifxetex legacy package. Use iftex instead.
)
(/usr/local/texlive/2024/texmf-dist/tex/latex/environ/environ.sty
Package: environ 2014/05/04 v0.3 A new way to define environments

(/usr/local/texlive/2024/texmf-dist/tex/latex/trimspaces/trimspaces.sty
Package: trimspaces 2009/09/17 v1.1 Trim spaces around a token list
))

Package gmp Warning: Ensure that you have enabled the shell escape feature, or
(gmp)                you can be in trouble. The available MetaPost generated
(gmp)                files will be used anyway. Use option `nowrite' if they
(gmp)                are already in final form.

\gmp@packages=\toks63
\gmp@commands=\toks64
\gmp@out=\write4
\c@gmp@count=\count402
)

Package gmp Warning: Ensure that you have enabled the shell escape feature, or
(gmp)                you can be in trouble. The available MetaPost generated
(gmp)                files will be used anyway. Use option `nowrite' if they
(gmp)                are already in final form.

(/usr/local/texlive/2024/texmf-dist/tex/generic/xint/xintexpr.sty
(/usr/local/texlive/2024/texmf-dist/tex/generic/xint/xintfrac.sty
(/usr/local/texlive/2024/texmf-dist/tex/generic/xint/xint.sty
(/usr/local/texlive/2024/texmf-dist/tex/generic/xint/xintcore.sty
Package: xintcore 2022/06/10 v1.4m Expandable arithmetic on big integers (JFB)
\xint_c_x^viii=\count403
\xint_c_x^ix=\count404
\xint_c_x^viii_mone=\count405
\xint_c_xii_e_viii=\count406
\xint_c_xi_e_viii_mone=\count407
)
Package: xint 2022/06/10 v1.4m Expandable operations on big integers (JFB)
\xint_c_nine_x^viii=\count408
)
Package: xintfrac 2022/06/10 v1.4m Expandable operations on fractions (JFB)
)
Package: xintexpr 2022/06/10 v1.4m Expandable expression parser (JFB)

(/usr/local/texlive/2024/texmf-dist/tex/generic/xint/xinttrig.sty
Package: xinttrig 2022/06/10 v1.4m Trigonometrical functions for xintexpr (JFB)

)
(/usr/local/texlive/2024/texmf-dist/tex/generic/xint/xintlog.sty
Package: xintlog 2022/06/10 v1.4m Logarithms and exponentials for xintexpr (JFB
)

(/usr/local/texlive/2024/texmf-dist/tex/generic/poormanlog/poormanlog.sty
Package: poormanlog 2022/05/25 v0.07 base 10 log and pow with 9 digits (JFB)

(/usr/local/texlive/2024/texmf-dist/tex/generic/poormanlog/poormanlog.tex))))
(/usr/local/texlive/2024/texmf-dist/tex/generic/listofitems/listofitems.sty
(/usr/local/texlive/2024/texmf-dist/tex/generic/listofitems/listofitems.tex
\loi_cnt_foreach_nest=\count409
\loi_nestcnt=\count410
)
Package: listofitems 2024/03/09 v1.65 Grab items in lists using user-specified 
sep char (CT)
)
(/usr/local/texlive/2024/texmf-dist/tex/latex/datatool/datatool.sty
Package: datatool 2019/09/27 v2.32 (NLCT)

(/usr/local/texlive/2024/texmf-dist/tex/latex/xfor/xfor.sty
Package: xfor 2009/02/05 v1.05 (NLCT)
)
(/usr/local/texlive/2024/texmf-dist/tex/latex/substr/substr.sty
Package: substr 2009/10/20 v1.2 Handle substrings
\c@su@anzahl=\count411
)
(/usr/local/texlive/2024/texmf-dist/tex/latex/datatool/datatool-base.sty
Package: datatool-base 2019/09/27 v2.32 (NLCT)

(/usr/local/texlive/2024/texmf-dist/tex/latex/datatool/datatool-fp.sty
Package: datatool-fp 2019/09/27 v2.32 (NLCT)

(/usr/local/texlive/2024/texmf-dist/tex/latex/fp/fp.sty
Package: fp 1995/04/02

`Fixed Point Package', Version 0.8, April 2, 1995 (C) Michael Mehlich
(/usr/local/texlive/2024/texmf-dist/tex/latex/fp/defpattern.sty
Package: defpattern 1994/10/12
\actioncount=\count412
)
(/usr/local/texlive/2024/texmf-dist/tex/latex/fp/fp-basic.sty
Package: fp-basic 1996/05/13
\FP@xs=\count413
\FP@xia=\count414
\FP@xib=\count415
\FP@xfa=\count416
\FP@xfb=\count417
\FP@rega=\count418
\FP@regb=\count419
\FP@regs=\count420
\FP@times=\count421
)
(/usr/local/texlive/2024/texmf-dist/tex/latex/fp/fp-addons.sty
Package: fp-addons 1995/03/15
)
(/usr/local/texlive/2024/texmf-dist/tex/latex/fp/fp-snap.sty
Package: fp-snap 1995/04/05
)
(/usr/local/texlive/2024/texmf-dist/tex/latex/fp/fp-exp.sty
Package: fp-exp 1995/04/03
)
(/usr/local/texlive/2024/texmf-dist/tex/latex/fp/fp-trigo.sty
Package: fp-trigo 1995/04/14
)
(/usr/local/texlive/2024/texmf-dist/tex/latex/fp/fp-pas.sty
Package: fp-pas 1994/08/29
)
(/usr/local/texlive/2024/texmf-dist/tex/latex/fp/fp-random.sty
Package: fp-random 1995/02/23
\FPseed=\count422
)
(/usr/local/texlive/2024/texmf-dist/tex/latex/fp/fp-eqn.sty
Package: fp-eqn 1995/04/03
)
(/usr/local/texlive/2024/texmf-dist/tex/latex/fp/fp-upn.sty
Package: fp-upn 1996/10/21
)
(/usr/local/texlive/2024/texmf-dist/tex/latex/fp/fp-eval.sty
Package: fp-eval 1995/04/03
)))
\@dtl@toks=\toks65
\@dtl@tmpcount=\count423
\dtl@tmplength=\skip82
\dtl@sortresult=\count424
\@dtl@numgrpsepcount=\count425
\@dtl@datatype=\count426
\dtl@codeA=\count427
\dtl@codeB=\count428
\@dtl@foreach@level=\count429
)
\dtlcolumnnum=\count430
\dtlrownum=\count431
\@dtl@before=\toks66
\@dtl@after=\toks67
\@dtl@colhead=\toks68
\dtlcurrentrow=\toks69
\dtlbeforerow=\toks70
\dtlafterrow=\toks71
\dtlforeachlevel=\count432
\c@DTLrowi=\count433
\c@DTLrowii=\count434
\c@DTLrowiii=\count435
\c@DTLrow=\count436
\dtl@rowi=\count437
\dtl@rowii=\count438
\dtl@rowiii=\count439
\@dtl@curi=\toks72
\@dtl@previ=\toks73
\@dtl@nexti=\toks74
\@dtl@curii=\toks75
\@dtl@previi=\toks76
\@dtl@nextii=\toks77
\@dtl@curiii=\toks78
\@dtl@previii=\toks79
\@dtl@nextiii=\toks80
\@dtl@elements=\count440
\@dtl@list=\toks81
\@dtl@rowa=\toks82
\@dtl@rowb=\toks83
\@dtl@toksA=\toks84
\@dtl@toksB=\toks85
\@dtl@write=\write5
\@dtl@read=\read5
\dtl@entrycr=\count441
\dtl@omitlines=\count442
)
(/usr/local/texlive/2024/texmf-dist/tex/latex/multido/multido.sty
Package: multido 2004/05/17 package wrapper for PSTricks `multido.tex', (HV/RN)


(/usr/local/texlive/2024/texmf-dist/tex/generic/multido/multido.tex
 v1.42, 2010/05/14 <tvz>
\multido@count=\count443
\multidocount=\count444
\multido@stuff=\toks86
)
File: multido.tex 2010/05/14 v1.42 `multido' (tvz,hv)
)
(/usr/local/texlive/2024/texmf-dist/tex/generic/xlop/xlop.sty
Package: xlop 2020/04/26 package wrapper for xlop.tex

(/usr/local/texlive/2024/texmf-dist/tex/generic/xlop/xlop.tex
\op@count@z=\count445
\op@count@i=\count446
\op@count@ii=\count447
\op@count@iii=\count448
\op@count@iv=\count449
\op@count@v=\count450
\op@count@vi=\count451
\op@nbop=\count452
\op@currentstyle=\toks87

`xlop' v0.28  <2020/11/11> (jcc)
\opcolumnwidth=\dimen336
\oplineheight=\dimen337
\op@strutbox=\box107
\op@decimalsepwidth=\dimen338
\op@decimalsepoffset=\dimen339
\op@hrulewidth=\dimen340
\op@vrulewidth=\dimen341
\op@parenthesis=\count453
\op@token=\count454
\op@stack=\count455
\op@stackb=\count456
)) (/usr/local/texlive/2024/texmf-dist/tex/latex/tcolorbox/tcolorbox.sty
Package: tcolorbox 2024/01/10 version 6.2.0 text color boxes
\tcb@titlebox=\box108
\tcb@upperbox=\box109
\tcb@lowerbox=\box110
\tcb@phantombox=\box111
\c@tcbbreakpart=\count457
\c@tcblayer=\count458
\c@tcolorbox@number=\count459
\l__tcobox_tmpa_box=\box112
\l__tcobox_tmpa_dim=\dimen342
\tcb@temp=\box113
\tcb@temp=\box114
\tcb@temp=\box115
\tcb@temp=\box116
)
(/usr/local/texlive/2024/texmf-dist/tex/latex/tcolorbox/tcbbreakable.code.tex
Library (tcolorbox): 'tcbbreakable.code.tex' version '6.2.0'
(/usr/local/texlive/2024/texmf-dist/tex/latex/pdfcol/pdfcol.sty
Package: pdfcol 2022-09-21 v1.7 Handle new color stacks for pdfTeX (HO)
)
Package pdfcol Info: New color stack `tcb@breakable' = 1 on input line 23.
\tcb@testbox=\box117
\tcb@totalupperbox=\box118
\tcb@totallowerbox=\box119
)
(/usr/local/texlive/2024/texmf-dist/tex/latex/tcolorbox/tcbexternal.code.tex
Library (tcolorbox): 'tcbexternal.code.tex' version '6.2.0'
(/usr/local/texlive/2024/texmf-dist/tex/latex/tcolorbox/tcbprocessing.code.tex
Library (tcolorbox): 'tcbprocessing.code.tex' version '6.2.0'
)) (/usr/local/texlive/2024/texmf-dist/tex/latex/tcolorbox/tcbfitting.code.tex
Library (tcolorbox): 'tcbfitting.code.tex' version '6.2.0'
\tcbfitdim=\dimen343
\tcb@lowerfitdim=\dimen344
\tcb@upperfitdim=\dimen345
\tcb@cur@hbadness=\count460
) (/usr/local/texlive/2024/texmf-dist/tex/latex/tcolorbox/tcbhooks.code.tex
Library (tcolorbox): 'tcbhooks.code.tex' version '6.2.0'
) (/usr/local/texlive/2024/texmf-dist/tex/latex/tcolorbox/tcbmagazine.code.tex
Library (tcolorbox): 'tcbmagazine.code.tex' version '6.2.0'
) (/usr/local/texlive/2024/texmf-dist/tex/latex/tcolorbox/tcbposter.code.tex
Library (tcolorbox): 'tcbposter.code.tex' version '6.2.0'
(/usr/local/texlive/2024/texmf-dist/tex/latex/tcolorbox/tcbskins.code.tex
Library (tcolorbox): 'tcbskins.code.tex' version '6.2.0'
(/usr/local/texlive/2024/texmf-dist/tex/latex/tikzfill/tikzfill.image.sty
Package: tikzfill.image 2023/08/08 v1.0.1 Image filling library for TikZ

(/usr/local/texlive/2024/texmf-dist/tex/latex/tikzfill/tikzfill-common.sty
Package: tikzfill-common 2023/08/08 v1.0.1 Auxiliary code for tikzfill
)
(/usr/local/texlive/2024/texmf-dist/tex/latex/tikzfill/tikzlibraryfill.image.co
de.tex
File: tikzlibraryfill.image.code.tex 2023/08/08 v1.0.1 Image filling library
\l__tikzfill_img_box=\box120
))
(/usr/local/texlive/2024/texmf-dist/tex/latex/tcolorbox/tcbskinsjigsaw.code.tex
Library (tcolorbox): 'tcbskinsjigsaw.code.tex' version '6.2.0'
))) (/usr/local/texlive/2024/texmf-dist/tex/latex/tcolorbox/tcbraster.code.tex
Library (tcolorbox): 'tcbraster.code.tex' version '6.2.0'
\c@tcbrastercolumn=\count461
\c@tcbrasterrow=\count462
\c@tcbrasternum=\count463
\c@tcbraster=\count464
) (/usr/local/texlive/2024/texmf-dist/tex/latex/tcolorbox/tcbtheorems.code.tex
Library (tcolorbox): 'tcbtheorems.code.tex' version '6.2.0'
) (/usr/local/texlive/2024/texmf-dist/tex/latex/tcolorbox/tcblistings.code.tex
Library (tcolorbox): 'tcblistings.code.tex' version '6.2.0'
(/usr/local/texlive/2024/texmf-dist/tex/latex/listings/listings.sty
\lst@mode=\count465
\lst@gtempboxa=\box121
\lst@token=\toks88
\lst@length=\count466
\lst@currlwidth=\dimen346
\lst@column=\count467
\lst@pos=\count468
\lst@lostspace=\dimen347
\lst@width=\dimen348
\lst@newlines=\count469
\lst@lineno=\count470
\lst@maxwidth=\dimen349

(/usr/local/texlive/2024/texmf-dist/tex/latex/listings/lstpatch.sty
File: lstpatch.sty 2024/02/21 1.10 (Carsten Heinz)
)
(/usr/local/texlive/2024/texmf-dist/tex/latex/listings/lstmisc.sty
File: lstmisc.sty 2024/02/21 1.10 (Carsten Heinz)
\c@lstnumber=\count471
\lst@skipnumbers=\count472
\lst@framebox=\box122
)
(/usr/local/texlive/2024/texmf-dist/tex/latex/listings/listings.cfg
File: listings.cfg 2024/02/21 1.10 listings configuration
))
Package: listings 2024/02/21 1.10 (Carsten Heinz)

(/usr/local/texlive/2024/texmf-dist/tex/latex/tcolorbox/tcblistingscore.code.te
x
Library (tcolorbox): 'tcblistingscore.code.tex' version '6.2.0'
\c@tcblisting=\count473
))
(/usr/local/texlive/2024/texmf-dist/tex/latex/tcolorbox/tcblistingsutf8.code.te
x
Library (tcolorbox): 'tcblistingsutf8.code.tex' version '6.2.0'
(/usr/local/texlive/2024/texmf-dist/tex/latex/listingsutf8/listingsutf8.sty
Package: listingsutf8 2019-12-10 v1.5 Allow UTF-8 in listings input (HO)

(/usr/local/texlive/2024/texmf-dist/tex/generic/stringenc/stringenc.sty
Package: stringenc 2019/11/29 v1.12 Convert strings between diff. encodings (HO
)

(/usr/local/texlive/2024/texmf-dist/tex/generic/pdfescape/pdfescape.sty
Package: pdfescape 2019/12/09 v1.15 Implements pdfTeX's escape features (HO)
))))
(/usr/local/texlive/2024/texmf-dist/tex/generic/pgf/frontendlayer/tikz/librarie
s/tikzlibraryshapes.code.tex
File: tikzlibraryshapes.code.tex 2023-01-15 v3.1.10 (3.1.10)
)
(/usr/local/texlive/2024/texmf-dist/tex/latex/tikzmark/tikzlibrarytikzmark.code
.tex
File: tikzlibrarytikzmark.code.tex 2022/08/24 v1.15 TikZ library for marking po
sitions in a document

(/usr/local/texlive/2024/texmf-dist/tex/latex/l3packages/l3keys2e/l3keys2e.sty
Package: l3keys2e 2024-02-18 LaTeX2e option processing using LaTeX3 keys
)
\l__sn_x_dim=\dimen350
\l__sn_y_dim=\dimen351
\l__sn_xa_dim=\dimen352
\l__sn_ya_dim=\dimen353
) (/usr/local/texlive/2024/texmf-dist/tex/latex/bigfoot/suffix.sty
Package: suffix 2006/07/15 1.5a Variant command support
)
(/usr/local/texlive/2024/texmf-dist/tex/latex/tools/multicol.sty
Package: multicol 2023/03/30 v1.9f multicolumn formatting (FMi)
\c@tracingmulticols=\count474
\mult@box=\box123
\multicol@leftmargin=\dimen354
\c@unbalance=\count475
\c@collectmore=\count476
\doublecol@number=\count477
\multicoltolerance=\count478
\multicolpretolerance=\count479
\full@width=\dimen355
\page@free=\dimen356
\premulticols=\dimen357
\postmulticols=\dimen358
\multicolsep=\skip83
\multicolbaselineskip=\skip84
\partial@page=\box124
\last@line=\box125
\mc@boxedresult=\box126
\maxbalancingoverflow=\dimen359
\mult@rightbox=\box127
\mult@grightbox=\box128
\mult@firstbox=\box129
\mult@gfirstbox=\box130
\@tempa=\box131
\@tempa=\box132
\@tempa=\box133
\@tempa=\box134
\@tempa=\box135
\@tempa=\box136
\@tempa=\box137
\@tempa=\box138
\@tempa=\box139
\@tempa=\box140
\@tempa=\box141
\@tempa=\box142
\@tempa=\box143
\@tempa=\box144
\@tempa=\box145
\@tempa=\box146
\@tempa=\box147
\@tempa=\box148
\@tempa=\box149
\@tempa=\box150
\@tempa=\box151
\@tempa=\box152
\@tempa=\box153
\@tempa=\box154
\@tempa=\box155
\@tempa=\box156
\@tempa=\box157
\@tempa=\box158
\@tempa=\box159
\@tempa=\box160
\@tempa=\box161
\@tempa=\box162
\@tempa=\box163
\@tempa=\box164
\@tempa=\box165
\@tempa=\box166
\c@minrows=\count480
\c@columnbadness=\count481
\c@finalcolumnbadness=\count482
\last@try=\dimen360
\multicolovershoot=\dimen361
\multicolundershoot=\dimen362
\mult@nat@firstbox=\box167
\colbreak@box=\box168
\mc@col@check@num=\count483
)
(/usr/local/texlive/2024/texmf-dist/tex/latex/tools/hhline.sty
Package: hhline 2020/01/04 v2.04 Table rule package (DPC)
)
(/usr/local/texlive/2024/texmf-dist/tex/latex/stackengine/stackengine.sty
Package: stackengine 2021/07/22 v4.11\ Stacking text and objects in convenient 
ways
\c@@stackindex=\count484
\@boxshift=\skip85
\stack@tmplength=\skip86
\temp@stkl=\skip87
\@stackedboxwidth=\skip88
\@addedbox=\box169
\@anchorbox=\box170
\@insetbox=\box171
\se@backgroundbox=\box172
\stackedbox=\box173
\@centerbox=\box174
\c@ROWcellindex@=\count485
)
(/usr/local/texlive/2024/texmf-dist/tex/latex/cancel/cancel.sty
Package: cancel 2013/04/12 v2.2 Cancel math terms
)
(/usr/local/texlive/2024/texmf-dist/tex/latex/fontawesome5/fontawesome5.sty
Package: fontawesome5 2022/05/02 v5.15.4 Font Awesome 5

(/usr/local/texlive/2024/texmf-dist/tex/latex/fontawesome5/fontawesome5-generic
-helper.sty
Package: fontawesome5-generic-helper 2022/05/02 v5.15.4 non-uTeX helper for fon
tawesome5

(/usr/local/texlive/2024/texmf-dist/tex/latex/fontawesome5/fontawesome5-mapping
.def))) (/usr/local/texlive/2024/texmf-dist/tex/latex/psnfss/pifont.sty
Package: pifont 2020/03/25 PSNFSS-v9.3 Pi font support (SPQR) 
LaTeX Font Info:    Trying to load font information for U+pzd on input line 63.


(/usr/local/texlive/2024/texmf-dist/tex/latex/psnfss/upzd.fd
File: upzd.fd 2001/06/04 font definitions for U/pzd.
)
LaTeX Font Info:    Trying to load font information for U+psy on input line 64.


(/usr/local/texlive/2024/texmf-dist/tex/latex/psnfss/upsy.fd
File: upsy.fd 2001/06/04 font definitions for U/psy.
))
(/usr/local/texlive/2024/texmf-dist/tex/latex/nicematrix/nicematrix.sty
Package: nicematrix 2024/02/19 v6.27a Enhanced arrays with the help of PGF/TikZ

\g__nicematrix_env_int=\count486
\g__nicematrix_NiceMatrixBlock_int=\count487
\g__nicematrix_notes_caption_int=\count488
\l__nicematrix_columns_width_dim=\dimen363
\l__nicematrix_col_width_dim=\dimen364
\g__nicematrix_row_total_int=\count489
\g__nicematrix_col_total_int=\count490
\g__nicematrix_last_row_node_int=\count491
\l__nicematrix_key_nb_rows_int=\count492
\g__nicematrix_blocks_wd_dim=\dimen365
\g__nicematrix_blocks_ht_dim=\dimen366
\g__nicematrix_blocks_dp_dim=\dimen367
\l__nicematrix_width_dim=\dimen368
\l__nicematrix_tabular_width_dim=\dimen369
\l__nicematrix_rule_width_dim=\dimen370
\l__nicematrix_old_iRow_int=\count493
\l__nicematrix_old_jCol_int=\count494
\g__nicematrix_total_X_weight_int=\count495
\l__nicematrix_X_columns_dim=\dimen371
\l__nicematrix_x_initial_dim=\dimen372
\l__nicematrix_y_initial_dim=\dimen373
\l__nicematrix_x_final_dim=\dimen374
\l__nicematrix_y_final_dim=\dimen375
\l__nicematrix_tmpc_dim=\dimen376
\l__nicematrix_tmpd_dim=\dimen377
\g__nicematrix_width_last_col_dim=\dimen378
\g__nicematrix_width_first_col_dim=\dimen379
\l__nicematrix_row_min_int=\count496
\l__nicematrix_row_max_int=\count497
\l__nicematrix_col_min_int=\count498
\l__nicematrix_col_max_int=\count499
\l__nicematrix_start_int=\count500
\l__nicematrix_end_int=\count501
\l__nicematrix_local_start_int=\count502
\l__nicematrix_local_end_int=\count503
\g__nicematrix_static_num_of_col_int=\count504
\l__nicematrix_rounded_corners_dim=\dimen380
\l__nicematrix_tab_rounded_corners_dim=\dimen381
\l__nicematrix_offset_dim=\dimen382
\l__nicematrix_line_width_dim=\dimen383
\g__nicematrix_block_box_int=\count505
\l__nicematrix_submatrix_extra_height_dim=\dimen384
\l__nicematrix_submatrix_left_xshift_dim=\dimen385
\l__nicematrix_submatrix_right_xshift_dim=\dimen386
\l__nicematrix_first_row_int=\count506
\l__nicematrix_first_col_int=\count507
\l__nicematrix_last_row_int=\count508
\l__nicematrix_last_col_int=\count509
\c@tabularnote=\count510
\c@nicematrix_draft=\count511
\l__nicematrix_cell_space_top_limit_dim=\dimen387
\l__nicematrix_cell_space_bottom_limit_dim=\dimen388
\l__nicematrix_xdots_inter_dim=\dimen389
\l__nicematrix_xdots_shorten_start_dim=\dimen390
\l__nicematrix_xdots_shorten_end_dim=\dimen391
\l__nicematrix_xdots_radius_dim=\dimen392
\l__nicematrix_notes_above_space_dim=\dimen393
\l__nicematrix_left_margin_dim=\dimen394
\l__nicematrix_right_margin_dim=\dimen395
\l__nicematrix_extra_left_margin_dim=\dimen396
\l__nicematrix_extra_right_margin_dim=\dimen397
\c__nicematrix_max_l_dim=\dimen398
\l__nicematrix_position_int=\count512
\l__nicematrix_multiplicity_int=\count513
\l__nicematrix_brace_yshift_dim=\dimen399
)
(/usr/local/texlive/2024/texmf-dist/tex/latex/tools/longtable.sty
Package: longtable 2023-11-01 v4.19 Multi-page Table package (DPC)
\LTleft=\skip89
\LTright=\skip90
\LTpre=\skip91
\LTpost=\skip92
\LTchunksize=\count514
\LTcapwidth=\dimen400
\LT@head=\box175
\LT@firsthead=\box176
\LT@foot=\box177
\LT@lastfoot=\box178
\LT@gbox=\box179
\LT@cols=\count515
\LT@rows=\count516
\c@LT@tables=\count517
\c@LT@chunks=\count518
\LT@p@ftn=\toks89
)
(/usr/local/texlive/2024/texmf-dist/tex/latex/fmtcount/fmtcount.sty
Package: fmtcount 2020/01/30 v3.07

(/usr/local/texlive/2024/texmf-dist/tex/latex/fmtcount/fcprefix.sty
Package: fcprefix 2012/09/28

(/usr/local/texlive/2024/texmf-dist/tex/latex/fmtcount/fcnumparser.sty
Package: fcnumparser 2017/06/15
\fc@digit@counter=\count519
))
\c@padzeroesN=\count520
\fc@tmpcatcode=\count521

(/usr/local/texlive/2024/texmf-dist/tex/latex/fmtcount/fc-french.def
File: fc-french.def 2020/02/24
)
\@DT@modctr=\count522
\@ordinalctr=\count523
\@orgargctr=\count524
\@strctr=\count525
\@tmpstrctr=\count526
\@DT@loopN=\count527
\@DT@X=\count528
)
\c@Marque=\count529
\LongBoitePoint=\skip93
\PfCrappeljour=\count530

(/usr/local/texlive/2024/texmf-dist/tex/latex/profcollege/PfCConversion.tex)
(/usr/local/texlive/2024/texmf-dist/tex/latex/profcollege/PfCCritere.tex)
(/usr/local/texlive/2024/texmf-dist/tex/latex/profcollege/PfCLego.tex)
(/usr/local/texlive/2024/texmf-dist/tex/latex/profcollege/PfCJeton.tex)
(/usr/local/texlive/2024/texmf-dist/tex/latex/profcollege/PfCDessinAlgo.tex
\tokDessinAlgo=\toks90
)
(/usr/local/texlive/2024/texmf-dist/tex/latex/profcollege/PfCBonbon.tex)
(/usr/local/texlive/2024/texmf-dist/tex/latex/profcollege/PfCPattern.tex)
(/usr/local/texlive/2024/texmf-dist/tex/latex/profcollege/PfCNumerationsAncienn
es.tex)
(/usr/local/texlive/2024/texmf-dist/tex/latex/profcollege/PfCSerpent.tex
\tokListeSerpentPerso=\toks91
)
(/usr/local/texlive/2024/texmf-dist/tex/latex/profcollege/PfCFractionNombre.tex
\tokFractionNombrePerso=\toks92
) (/usr/local/texlive/2024/texmf-dist/tex/latex/profcollege/PfCAllumettes.tex)
(/usr/local/texlive/2024/texmf-dist/tex/latex/profcollege/PfCFractionAireCarre.
tex) (/usr/local/texlive/2024/texmf-dist/tex/latex/profcollege/PfCMulJal.tex)
(/usr/local/texlive/2024/texmf-dist/tex/latex/profcollege/PfCCibleQOp.tex
\anpcqo=\count531
\bnpcqo=\count532
\cnpcqo=\count533
\toklistecibleA=\toks93
\toklistecibleab=\toks94
\toklisteciblestyle=\toks95
)
(/usr/local/texlive/2024/texmf-dist/tex/latex/profcollege/PfCFubuki.tex
\PfCFubuki=\skip94
)
(/usr/local/texlive/2024/texmf-dist/tex/latex/profcollege/PfCMulJap.tex
\toksmuljap=\toks96
)
(/usr/local/texlive/2024/texmf-dist/tex/latex/profcollege/PfCCryptarithme.tex)
(/usr/local/texlive/2024/texmf-dist/tex/latex/profcollege/PfCDefiCalc.tex
\toktexteecran=\toks97
\tokcibleecran=\toks98
\Adaptation=\skip95
\Adaptationbis=\skip96
)
(/usr/local/texlive/2024/texmf-dist/tex/latex/profcollege/PfCMulArt.tex
\tokstabmul=\toks99
\tokstabmulpdts=\toks100
\tokstabmulnonpdts=\toks101
\tokstabmulpdtscible=\toks102
)
(/usr/local/texlive/2024/texmf-dist/tex/latex/profcollege/PfCGrimuku.tex
\toklistegrimukupdt=\toks103
\toklistegrimukunb=\toks104
)
(/usr/local/texlive/2024/texmf-dist/tex/latex/profcollege/PfCHorloge.tex)
(/usr/local/texlive/2024/texmf-dist/tex/latex/profcollege/PfCCible.tex
\toklisteciblea=\toks105
)
(/usr/local/texlive/2024/texmf-dist/tex/latex/profcollege/PfCMulPiecesPuzzle.te
x
\toklistepuzzlea=\toks106
) (/usr/local/texlive/2024/texmf-dist/tex/latex/profcollege/PfCPyraVoca.tex
\PfCPyraVocaHauteur=\skip97
)
(/usr/local/texlive/2024/texmf-dist/tex/latex/profcollege/PfCAutomatismes.tex
\c@PfCAutoNbcpt=\count534
)
(/usr/local/texlive/2024/texmf-dist/tex/latex/profcollege/PfCNumberHive.tex
\toklistenumberhive=\toks107
\toklistecasescoloreesNH=\toks108
)
(/usr/local/texlive/2024/texmf-dist/tex/latex/profcollege/PfCPatronPaves.tex
\toklistepatron=\toks109
)
(/usr/local/texlive/2024/texmf-dist/tex/latex/profcollege/PfCEratosthene.tex
\PfCEraHauteur=\skip98
)
(/usr/local/texlive/2024/texmf-dist/tex/latex/profcollege/PfCDobble.tex)
(/usr/local/texlive/2024/texmf-dist/tex/latex/profcollege/PfCPavage.tex)
(/usr/local/texlive/2024/texmf-dist/tex/latex/profcollege/PfCNonogramme.tex
\toklistenonoa=\toks110
\toklistenonob=\toks111
)
(/usr/local/texlive/2024/texmf-dist/tex/latex/profcollege/PfCJeuRangement.tex
\PfCJeuRgtH=\skip99
)
(/usr/local/texlive/2024/texmf-dist/tex/latex/profcollege/PfCTrio.tex
\PfCTrioHauteur=\skip100
\c@PfCTrioLettre=\count535
)
(/usr/local/texlive/2024/texmf-dist/tex/latex/profcollege/PfCCalculsFractions.t
ex) (/usr/local/texlive/2024/texmf-dist/tex/latex/profcollege/PfCDecDeci.tex
\c@PfCNbDecDeci=\count536
)
(/usr/local/texlive/2024/texmf-dist/tex/latex/profcollege/PfCKakurasu.tex)
(/usr/local/texlive/2024/texmf-dist/tex/latex/profcollege/PfCMidpoint.tex)
(/usr/local/texlive/2024/texmf-dist/tex/latex/profcollege/PfCGrades.tex)
(/usr/local/texlive/2024/texmf-dist/tex/latex/profcollege/PfCSquaro.tex)
(/usr/local/texlive/2024/texmf-dist/tex/latex/profcollege/PfCGaram.tex
\PfCGaramHeight=\skip101
)
(/usr/local/texlive/2024/texmf-dist/tex/latex/profcollege/PfCFutoshiki.tex
\PfCFutoHeight=\skip102
)
(/usr/local/texlive/2024/texmf-dist/tex/latex/profcollege/PfCRondeInfernale.tex
)
(/usr/local/texlive/2024/texmf-dist/tex/latex/profcollege/PfCHiddenMessage.tex
\PfCHiddenHeight=\skip103
\PfCHiddenWidth=\skip104
)
(/usr/local/texlive/2024/texmf-dist/tex/latex/profcollege/PfCPuzzleSommePyramid
e.tex
\c@PfCPuzzlePcpt=\count537
\c@PfCPuzzlePavcpt=\count538
\PfCPuzzleP=\skip105
)
(/usr/local/texlive/2024/texmf-dist/tex/latex/profcollege/PfCCalisson.tex
\tokcalissonlistetracesg=\toks112
\tokcalissonlistetracesd=\toks113
)
(/usr/local/texlive/2024/texmf-dist/tex/latex/profcollege/PfCTectonic.tex
\PfCTectonic=\skip106
)
(/usr/local/texlive/2024/texmf-dist/tex/latex/profcollege/PfCEnigmeAire.tex)
(/usr/local/texlive/2024/texmf-dist/tex/latex/profcollege/PfCBarresCalculs.tex)
(/usr/local/texlive/2024/texmf-dist/tex/latex/profcollege/PfCSolides.tex
\toksolidelistesommets=\toks114
\toksolidelistepointssections=\toks115
)
(/usr/local/texlive/2024/texmf-dist/tex/latex/profcollege/PfCVueCubes.tex
\toklisteVueCube=\toks116
)
(/usr/local/texlive/2024/texmf-dist/tex/latex/profcollege/PfCRLE.tex
\toklisterle=\toks117
)
(/usr/local/texlive/2024/texmf-dist/tex/latex/profcollege/PfCEngrenagesBase.tex
\tokPfCEngrenages=\toks118
) (/usr/local/texlive/2024/texmf-dist/tex/latex/profcollege/PfCTortueBase.tex
\c@PfCTortue=\count539
)
(/usr/local/texlive/2024/texmf-dist/tex/latex/profcollege/PfCCompteBon.tex
\tokPfCCBRappels=\toks119
)
(/usr/local/texlive/2024/texmf-dist/tex/latex/profcollege/PfCNombreAstral.tex
\toklisteNANombres=\toks120
\toklisteNAMelange=\toks121
)
(/usr/local/texlive/2024/texmf-dist/tex/latex/profcollege/PfCMentalo.tex)
(/usr/local/texlive/2024/texmf-dist/tex/latex/profcollege/PfCCalculsCroises.tex
\PfCCalculsCroises=\skip107
\c@CCRetiensAide=\count540
) (/usr/local/texlive/2024/texmf-dist/tex/latex/profcollege/PfCShikaku.tex
\c@PfCShikakuNom=\count541
\PfCShikakuh=\skip108
\PfCShikakuv=\skip109
)
(/usr/local/texlive/2024/texmf-dist/tex/latex/profcollege/PfCKakuro.tex
\PfCKakuro=\skip110
)
(/usr/local/texlive/2024/texmf-dist/tex/latex/profcollege/PfCKenKen.tex
\PfCKenKen=\skip111
)
(/usr/local/texlive/2024/texmf-dist/tex/latex/profcollege/PfCPixelArt.tex
\toklistePANombre=\toks122
)
(/usr/local/texlive/2024/texmf-dist/tex/latex/profcollege/PfCYohaku.tex
\PfCYohaku=\skip112
)
(/usr/local/texlive/2024/texmf-dist/tex/latex/profcollege/PfCRose.tex)
(/usr/local/texlive/2024/texmf-dist/tex/latex/profcollege/PfCPuissanceQuatre.te
x
\toklistePQuatreh=\toks123
\toklistePQuatrev=\toks124
) (/usr/local/texlive/2024/texmf-dist/tex/latex/profcollege/PfCBillard.tex
\tokPfCMotBillard=\toks125
)
(/usr/local/texlive/2024/texmf-dist/tex/latex/profcollege/PfCRepresenterEntier.
tex) (/usr/local/texlive/2024/texmf-dist/tex/latex/profcollege/PfCCAN.tex
\c@CNNumQ=\count542
\RecupNbFichiers=\read6
\RecupSSDossiers=\read7
\zzz=\read8
\PfCLargeurQuestion=\skip113
\PfCLargeurReponse=\skip114
\PfCLargeurJury=\skip115
)
(/usr/local/texlive/2024/texmf-dist/tex/latex/profcollege/PfCFrise.tex
\toklistefrise=\toks126
)
(/usr/local/texlive/2024/texmf-dist/tex/latex/profcollege/PfCGeometrie.tex)
(/usr/local/texlive/2024/texmf-dist/tex/latex/profcollege/PfCEnquete.tex)
(/usr/local/texlive/2024/texmf-dist/tex/latex/profcollege/PfCModeleBarre.tex
\toklistemodelbarresup=\toks127
\toklistemodelbarreinf=\toks128
\toklistemodelbarresep=\toks129
\toklistemodelbarreaccosup=\toks130
\toklistemodelbarreaccoinf=\toks131
)
(/usr/local/texlive/2024/texmf-dist/tex/latex/profcollege/PfCFicheMemo.tex)
(/usr/local/texlive/2024/texmf-dist/tex/latex/profcollege/PfCOperationsTrou.tex
\c@divxlop=\count543
) (/usr/local/texlive/2024/texmf-dist/tex/latex/profcollege/PfCCartographie.tex
)
(/usr/local/texlive/2024/texmf-dist/tex/latex/profcollege/PfCReseauxSociaux.tex
) (/usr/local/texlive/2024/texmf-dist/tex/latex/profcollege/PfCBonSortie.tex)
(/usr/local/texlive/2024/texmf-dist/tex/latex/profcollege/PfCEcritureLettres.te
x)
(/usr/local/texlive/2024/texmf-dist/tex/latex/profcollege/PfCDecompFracDeci.tex
\PfCLongueurP=\skip116
)
(/usr/local/texlive/2024/texmf-dist/tex/latex/profcollege/PfCPyramideCalculs.te
x
\toklistecaseP=\toks132
)
(/usr/local/texlive/2024/texmf-dist/tex/latex/profcollege/PfCTablesOperations.t
ex) (/usr/local/texlive/2024/texmf-dist/tex/latex/profcollege/PfCDefiTables.tex
)
(/usr/local/texlive/2024/texmf-dist/tex/latex/profcollege/PfCRangementNombres.t
ex
\dtldb@mtnumedb=\toks133
\dtlkeys@mtnumedb=\toks134
\dtlrows@mtnumedb=\count544
\dtlcols@mtnumedb=\count545
\dtldb@mtRGTdb=\toks135
\dtlkeys@mtRGTdb=\toks136
\dtlrows@mtRGTdb=\count546
\dtlcols@mtRGTdb=\count547
) (/usr/local/texlive/2024/texmf-dist/tex/latex/profcollege/PfCMotsCodes.tex) (
/usr/local/texlive/2024/texmf-dist/tex/latex/profcollege/PfCLabyrintheJeu.tex
\LabyLongCM=\skip117
) (/usr/local/texlive/2024/texmf-dist/tex/latex/profcollege/PfCTriominos.tex
\toklisteTriomino=\toks137
)
(/usr/local/texlive/2024/texmf-dist/tex/latex/profcollege/PfCLabyrintheNombre.t
ex)
(/usr/local/texlive/2024/texmf-dist/tex/latex/profcollege/PfCMotsCroises.tex
\c@PfCLettreHorizontal=\count548
)
(/usr/local/texlive/2024/texmf-dist/tex/latex/profcollege/PfCMotsEmpiles.tex
\c@CompteurMotEmpile=\count549
)
(/usr/local/texlive/2024/texmf-dist/tex/latex/profcollege/PfCColorilude.tex
\toklisteremplissage=\toks138
)
(/usr/local/texlive/2024/texmf-dist/tex/latex/profcollege/PfCMosaique.tex
\toklistecaseM=\toks139
)
(/usr/local/texlive/2024/texmf-dist/tex/latex/profcollege/PfCQuiSuisJe.tex)
(/usr/local/texlive/2024/texmf-dist/tex/latex/profcollege/PfCDessinGradue.tex)
(/usr/local/texlive/2024/texmf-dist/tex/latex/profcollege/PfCAutonomie.tex)
(/usr/local/texlive/2024/texmf-dist/tex/latex/profcollege/PfCCalculatrice.tex)
(/usr/local/texlive/2024/texmf-dist/tex/latex/profcollege/PfCQuestionsFlash.tex
\HauteurFlash=\skip118
) (/usr/local/texlive/2024/texmf-dist/tex/latex/profcollege/PfCRapido.tex
\c@PfCnexo=\count550
\WidthRapido=\skip119
)
(/usr/local/texlive/2024/texmf-dist/tex/latex/profcollege/PfCRepresenterFractio
n.tex)
(/usr/local/texlive/2024/texmf-dist/tex/latex/profcollege/PfCQuestionsRelier.te
x
\c@NbRelie=\count551
) (/usr/local/texlive/2024/texmf-dist/tex/latex/profcollege/PfCEcrireunQCM.tex
\LargeurQCM=\skip120
\PfCLargeurQCM=\skip121
\c@QuestionQCM=\count552
\c@TitreQCM=\count553
) (/usr/local/texlive/2024/texmf-dist/tex/latex/profcollege/PfCSommeAngles.tex)
(/usr/local/texlive/2024/texmf-dist/tex/latex/profcollege/PfCPythagore.tex)
(/usr/local/texlive/2024/texmf-dist/tex/latex/profcollege/PfCDistributivite.tex
\c@NbDistri=\count554
\c@NbCalculDistri=\count555
)
(/usr/local/texlive/2024/texmf-dist/tex/latex/profcollege/PfCFactorisation.tex)

(/usr/local/texlive/2024/texmf-dist/tex/latex/profcollege/PfCDecomposerNombrePr
emier.tex
\premier=\count556
\premierun=\count557
\premierdeux=\count558
\anpT=\count559
\bnpT=\count560
\cnpT=\count561
\dnpT=\count562
)
(/usr/local/texlive/2024/texmf-dist/tex/latex/profcollege/PfCSimplifierFraction
.tex
\cnt@a=\count563
\cnt@b=\count564
\pgcd=\count565
\anpdc=\count566
\bnpdc=\count567
\cnpdc=\count568
\dnpdc=\count569
\PfCDivCom=\count570
\c@NbFrac=\count571
) (/usr/local/texlive/2024/texmf-dist/tex/latex/profcollege/PfCThales.tex
\ppcm=\count572
)
(/usr/local/texlive/2024/texmf-dist/tex/latex/profcollege/PfCTrigonometrie.tex)
(/usr/local/texlive/2024/texmf-dist/tex/latex/profcollege/PfCStatistiques.tex
\tabtoksa=\toks140
\tabtoksb=\toks141
\tabtoksc=\toks142
\c@PfCCompteLignes=\count573
\CompteurECC=\count574
\CompteurECCTotal=\count575
\CompteurECCC=\count576
\CompteurECCCTotal=\count577
\dtldb@mtdb=\toks143
\dtlkeys@mtdb=\toks144
\dtlrows@mtdb=\count578
\dtlcols@mtdb=\count579
\nbdonnees=\count580
\dtldb@mtdbEE=\toks145
\dtlkeys@mtdbEE=\toks146
\dtlrows@mtdbEE=\count581
\dtlcols@mtdbEE=\count582
\dtldb@mtdbEEqual=\toks147
\dtlkeys@mtdbEEqual=\toks148
\dtlrows@mtdbEEqual=\count583
\dtlcols@mtdbEEqual=\count584
)
(/usr/local/texlive/2024/texmf-dist/tex/latex/profcollege/PfCDiagrammeRadar.tex
\toklisteradara=\toks149
\toklisteradarb=\toks150
\toklisteradarc=\toks151
) (/usr/local/texlive/2024/texmf-dist/tex/latex/profcollege/PfCBarreNiveaux.tex
\barrewidth=\skip122
)
(/usr/local/texlive/2024/texmf-dist/tex/latex/profcollege/PfCResoudreEquation.t
ex
\c@Nbequa=\count585
\fdashwidth=\dimen401
\fdashlength=\dimen402
\fdashsep=\dimen403

(/usr/local/texlive/2024/texmf-dist/tex/latex/profcollege/PfCEquationSoustracti
on2.tex)
(/usr/local/texlive/2024/texmf-dist/tex/latex/profcollege/PfCEquationTerme1.tex
)
(/usr/local/texlive/2024/texmf-dist/tex/latex/profcollege/PfCEquationCompositio
n2.tex)
(/usr/local/texlive/2024/texmf-dist/tex/latex/profcollege/PfCEquationPose1.tex)

(/usr/local/texlive/2024/texmf-dist/tex/latex/profcollege/PfCEquationSymbole1.t
ex)
(/usr/local/texlive/2024/texmf-dist/tex/latex/profcollege/PfCEquationLaurent1.t
ex)
(/usr/local/texlive/2024/texmf-dist/tex/latex/profcollege/PfCEquationModeleBarr
e.tex
\TestEquaMBarreH=\toks152
\TestEquaMBarreB=\toks153
)) (/usr/local/texlive/2024/texmf-dist/tex/latex/profcollege/PfCPropor.tex
\c@NbPropor=\count586
\c@NbProporG=\count587
\c@NbProporD=\count588
) (/usr/local/texlive/2024/texmf-dist/tex/latex/profcollege/PfCPourcentage.tex)
(/usr/local/texlive/2024/texmf-dist/tex/latex/profcollege/PfCDessinerRatio.tex
\toklisteratio=\toks154
)
(/usr/local/texlive/2024/texmf-dist/tex/latex/profcollege/PfCCartesMentales.tex
\RoundedBoxWidth=\skip123
)
(/usr/local/texlive/2024/texmf-dist/tex/latex/profcollege/PfCProprietesDroites.
tex)
(/usr/local/texlive/2024/texmf-dist/tex/latex/profcollege/PfCFonctionAffine.tex
)
(/usr/local/texlive/2024/texmf-dist/tex/latex/profcollege/PfCNotionFonction.tex
\toklistePtsFn=\toks155
\tokPfCListeDesFonctions=\toks156
\tokPfCListeDesNomsFonctions=\toks157
\tokPfCLabelX=\toks158
\tokPfCLabelY=\toks159
\myread=\read9
)
(/usr/local/texlive/2024/texmf-dist/tex/latex/profcollege/PfCRepresentationGrap
hique.tex)
(/usr/local/texlive/2024/texmf-dist/tex/latex/profcollege/PfCRappelsFormules.te
x)
(/usr/local/texlive/2024/texmf-dist/tex/latex/profcollege/PfCProbabilites.tex
\toklistepointproba=\toks160
)
(/usr/local/texlive/2024/texmf-dist/tex/latex/profcollege/PfCReperage.tex
\toklistepointrepere=\toks161
\toklistepointdroite=\toks162
\toklistepointdemidroite=\toks163
\toklistenompointdemidroite=\toks164
\toklistepointespace=\toks165
)
(/usr/local/texlive/2024/texmf-dist/tex/latex/profcollege/PfCEcritureUnites.tex
\PfCLgUnites=\skip124
)
(/usr/local/texlive/2024/texmf-dist/tex/latex/profcollege/PfCTableauxUnites.tex
\PfCTableauPuissances=\skip125
\PfCCubeTabColSep=\skip126
) (/usr/local/texlive/2024/texmf-dist/tex/latex/profcollege/PfCCartesJeux.tex
\largeurcards=\skip127
\hauteurcards=\skip128
\margecards=\skip129
\largeurcarte=\skip130
\hauteurcarte=\skip131
\hauteurtitre=\skip132
\largeurtitre=\skip133
\margeh=\skip134
\margev=\skip135
\PfCRayonArc=\skip136
\PfCCardsH=\skip137
\PfCCardsEcartH=\skip138
\PfCCardsV=\skip139
\PfCCardsEcartV=\skip140
)
(/usr/local/texlive/2024/texmf-dist/tex/latex/profcollege/PfCRepresenterTableur
.tex
\cntlin=\count589
\cntcol=\count590
\Affichecntcol=\count591
\Affichecntlin=\count592
\t@b=\toks166
\PfCLongInter=\skip141
\PfCTableurLargeurUn=\skip142
\PfCTableurLargeur=\skip143
) (/usr/local/texlive/2024/texmf-dist/tex/latex/profcollege/PfCDomino.tex)
(/usr/local/texlive/2024/texmf-dist/tex/latex/profcollege/PfCProgrammeCalcul.te
x
\c@NBprog=\count593
\PointillesClesProg=\skip144
) (/usr/local/texlive/2024/texmf-dist/tex/latex/profcollege/PfCPapiers.tex
(/usr/local/texlive/2024/texmf-dist/tex/latex/ifoddpage/ifoddpage.sty
Package: ifoddpage 2022/10/18 v1.2 Conditionals for odd/even page detection
\c@checkoddpage=\count594
LaTeX Info: Redefining \checkoddpage on input line 45.
)
\PapierLeftCurrent=\skip145
)
(/usr/local/texlive/2024/texmf-dist/tex/latex/profcollege/PfCScratch.tex
\longbarreheight=\skip146
\longbarredepth=\skip147
))
(/usr/local/texlive/2024/texmf-dist/tex/latex/titlesec/titletoc.sty
Package: titletoc 2023/10/27 v2.16 TOC entries
\ttl@leftsep=\dimen404
)
(/usr/local/texlive/2024/texmf-dist/tex/latex/eurosym/eurosym.sty
Package: eurosym 1998/08/06 v1.1 European currency symbol ``Euro''
\@eurobox=\box180
)
\c@seancenum=\count595
\c@seancenumD=\count596
\c@questionnum=\count597
\c@globalquestionnum=\count598
\c@questionseance=\count599
LaTeX Font Info:    Trying to load font information for T1+lmss on input line 1
38.

(/usr/local/texlive/2024/texmf-dist/tex/latex/lm/t1lmss.fd
File: t1lmss.fd 2015/05/01 v1.6.1 Font defs for Latin Modern
)
(./Livret d'automatismes.aux
<Reading QR code for "https://drive.google.com/file/d/1sps4u8dw9_tvRp6UhNqEcXg5
qnlddG0J/view?usp=share_link" at level 6-M from aux file.>

<Reading QR code for "https://drive.google.com/file/d/1nhTBCAbEeClaNDVt5PZKcAqS
F42J8PnC/view?usp=share_link" at level 6-M from aux file.>

<Reading QR code for "https://drive.google.com/file/d/1JE5zH3SVRLobRiZSZs0xmBUu
XNlSH3T4/view?usp=share_link" at level 6-M from aux file.>

<Reading QR code for "https://drive.google.com/file/d/108oeL2sMvjDNRfJc6Oik7moo
jsxPxDm2/view?usp=share_link" at level 6-M from aux file.>

<Reading QR code for "https://drive.google.com/file/d/1R32ojT7b6NxO9KPhIuq5DbHL
cwOVWpnR/view?usp=share_link" at level 6-M from aux file.>

<Reading QR code for "https://drive.google.com/file/d/1rS_ZzNXlxCed-Wekn7ZRO9Vy
4WeM4UXZ/view?usp=share_link" at level 6-M from aux file.>

<Reading QR code for "https://drive.google.com/file/d/10-lAfgzcBVY2_49rC6JBKdgV
Q0pzl0vb/view?usp=share_link" at level 6-M from aux file.>

<Reading QR code for "https://drive.google.com/file/d/13A7Va1hNL1ixIrNRobA38Bm8
msEqJeNP/view?usp=share_link" at level 6-M from aux file.>

<Reading QR code for "https://drive.google.com/file/d/1dBdFXx36p_QpIDlTBFS4e0-3
DILhT32u/view?usp=share_link" at level 6-M from aux file.>

<Reading QR code for "https://drive.google.com/file/d/1mNNxaLHhaB-oBZbCrcr9WkcB
IBChMvgM/view?usp=share_link" at level 6-M from aux file.>

<Reading QR code for "https://drive.google.com/file/d/1b3ANwWIVe7WL9MoMKDVFnXvx
MvPqYtdu/view?usp=share_link" at level 6-M from aux file.>

<Reading QR code for "https://drive.google.com/file/d/1B9Lqc05vQgLkM9tc0pmuucWQ
sfnaEBOR/view?usp=share_link" at level 6-M from aux file.>

<Reading QR code for "https://drive.google.com/file/d/1UdMeXiQHf4kilv8roqpS6pjL
6ZqD_ic6/view?usp=sharing" at level 5-M from aux file.>

<Reading QR code for "https://drive.google.com/file/d/17lbnEM1sRljE6y6WuphKuIec
39O7DZEa/view?usp=share_link" at level 6-M from aux file.>

<Reading QR code for "https://drive.google.com/file/d/11txHiN6eAdh-QaTLiudfQz9O
GPxIRaAg/view?usp=share_link" at level 6-M from aux file.>

<Reading QR code for "https://drive.google.com/file/d/1bAcNO7-8En_F3FrsQ-fV33L4
Ypjrk_fY/view?usp=share_link" at level 6-M from aux file.>

<Reading QR code for "https://drive.google.com/file/d/1Dkqawj8Dr5yYW3_yvMTKHR-C
gJD2zqW8/view?usp=share_link" at level 6-M from aux file.>

<Reading QR code for "https://drive.google.com/file/d/13Y02Uxx_mJAgZOixPhb4Ipb7
Ge2s_L6g/view?usp=share_link" at level 6-M from aux file.>

<Reading QR code for "https://drive.google.com/file/d/1V5LpYoUNeuL8cPaoKXyr2PDD
mpbPnb1b/view?usp=share_link" at level 6-M from aux file.>

<Reading QR code for "https://drive.google.com/file/d/1LoPPFIbX55uzKmTWxEY_aQgs
QiMsdIkr/view?usp=share_link" at level 6-M from aux file.>

<Reading QR code for "https://drive.google.com/file/d/1Hw97yZJ8HVF8ZeRJjyxn6BlR
ngandPAV/view?usp=share_link" at level 6-M from aux file.>

<Reading QR code for "https://drive.google.com/file/d/1m4_1wkPsjMednHWP-vXP1Zaf
FRC_DKjd/view?usp=share_link" at level 6-M from aux file.>

<Reading QR code for "https://drive.google.com/file/d/1C2G1GcPUotEAZiG-Enlb3N_Q
-xcAteOj/view?usp=share_link" at level 6-M from aux file.>

<Reading QR code for "https://drive.google.com/file/d/1IAM6Qd5fYV-JWHiTLAnXiUjf
VqsX24JT/view?usp=share_link" at level 6-M from aux file.>

<Reading QR code for "https://drive.google.com/file/d/1IH6DPV1vLf8wtOf17YT_o8nM
8wJoOeID/view?usp=share_link" at level 6-M from aux file.>

<Reading QR code for "https://drive.google.com/file/d/1kQMdsOwn1Ki2rcoiaasZhs50
XvjgdyfJ/view?usp=sharing" at level 5-M from aux file.>

<Reading QR code for "https://drive.google.com/file/d/1JUIgwYsNJfsAFQpqU6gxJY1E
P4wQuuem/view?usp=sharing" at level 5-M from aux file.>
)
\openout1 = `"Livret d'automatismes.aux"'.

LaTeX Font Info:    Checking defaults for OML/cmm/m/it on input line 138.
LaTeX Font Info:    ... okay on input line 138.
LaTeX Font Info:    Checking defaults for OMS/cmsy/m/n on input line 138.
LaTeX Font Info:    ... okay on input line 138.
LaTeX Font Info:    Checking defaults for OT1/cmr/m/n on input line 138.
LaTeX Font Info:    ... okay on input line 138.
LaTeX Font Info:    Checking defaults for T1/cmr/m/n on input line 138.
LaTeX Font Info:    ... okay on input line 138.
LaTeX Font Info:    Checking defaults for TS1/cmr/m/n on input line 138.
LaTeX Font Info:    ... okay on input line 138.
LaTeX Font Info:    Checking defaults for OMX/cmex/m/n on input line 138.
LaTeX Font Info:    ... okay on input line 138.
LaTeX Font Info:    Checking defaults for U/cmr/m/n on input line 138.
LaTeX Font Info:    ... okay on input line 138.
 (/usr/local/texlive/2024/texmf-dist/tex/context/base/mkii/supp-pdf.mkii
[Loading MPS to PDF converter (version 2006.09.02).]
\scratchcounter=\count600
\scratchdimen=\dimen405
\scratchbox=\box181
\nofMPsegments=\count601
\nofMParguments=\count602
\everyMPshowfont=\toks167
\MPscratchCnt=\count603
\MPscratchDim=\dimen406
\MPnumerator=\count604
\makeMPintoPDFobject=\count605
\everyMPtoPDFconversion=\toks168
) (/usr/local/texlive/2024/texmf-dist/tex/latex/epstopdf-pkg/epstopdf-base.sty
Package: epstopdf-base 2020-01-24 v2.11 Base part for package epstopdf
Package epstopdf-base Info: Redefining graphics rule for `.eps' on input line 4
85.

(/usr/local/texlive/2024/texmf-dist/tex/latex/latexconfig/epstopdf-sys.cfg
File: epstopdf-sys.cfg 2010/07/13 v1.3 Configuration of (r)epstopdf for TeX Liv
e
))
LaTeX Info: Redefining \degres on input line 138.
Package french.ldf Info: Setting StandardItemizeEnv=true for
(french.ldf)             compatibility with enumitem package,
(french.ldf)             reported on input line 138.
Package french.ldf Info: Setting StandardEnumerateEnv=true for
(french.ldf)             compatibility with enumitem package,
(french.ldf)             reported on input line 138.
LaTeX Info: Redefining \up on input line 138.

(/usr/local/texlive/2024/texmf-dist/tex/latex/tools/hhline.sty
Package: hhline 2020/01/04 v2.04 Table rule package (DPC)
)
Package pgfplots notification 'compat/show suggested version=true': document ha
s been generated with the most recent feature set (\pgfplotsset{compat=1.18}).

*geometry* driver: auto-detecting
*geometry* detected driver: pdftex
*geometry* verbose mode - [ preamble ] result:
* driver: pdftex
* paper: a4paper
* layout: <same size as paper>
* layoutoffset:(h,v)=(0.0pt,0.0pt)
* modes: 
* h-part:(L,W,R)=(42.67912pt, 512.14963pt, 42.67912pt)
* v-part:(T,H,B)=(56.9055pt, 731.23584pt, 56.9055pt)
* \paperwidth=597.50787pt
* \paperheight=845.04684pt
* \textwidth=512.14963pt
* \textheight=731.23584pt
* \oddsidemargin=-29.59087pt
* \evensidemargin=-29.59087pt
* \topmargin=-52.36449pt
* \headheight=12.0pt
* \headsep=25.0pt
* \topskip=11.0pt
* \footskip=30.0pt
* \marginparwidth=50.0pt
* \marginparsep=10.0pt
* \columnsep=10.0pt
* \skip\footins=10.0pt plus 4.0pt minus 2.0pt
* \hoffset=0.0pt
* \voffset=0.0pt
* \mag=1000
* \@twocolumnfalse
* \@twosidefalse
* \@mparswitchfalse
* \@reversemarginfalse
* (1in=72.27pt=25.4mm, 1cm=28.453pt)


(/usr/local/texlive/2024/texmf-dist/tex/latex/translations/translations-basic-d
ictionary-french.trsl
File: translations-basic-dictionary-french.trsl (french translation file `trans
lations-basic-dictionary')
)
Package translations Info: loading dictionary `translations-basic-dictionary' f
or `french'. on input line 138.
\c@lstlisting=\count606
\c__nicematrix_shift_Ldots_last_row_dim=\dimen407
\c__nicematrix_shift_exterior_Vdots_dim=\dimen408
\c__nicematrix_innersep_middle_dim=\dimen409
\c@tabularnotesi=\count607
\enitdp@tabularnotes=\count608
\c@tabularnotes*i=\count609
\enitdp@tabularnotes*=\count610
LaTeX Font Info:    Trying to load font information for OT1+lmr on input line 1
47.

(/usr/local/texlive/2024/texmf-dist/tex/latex/lm/ot1lmr.fd
File: ot1lmr.fd 2015/05/01 v1.6.1 Font defs for Latin Modern
)
LaTeX Font Info:    Trying to load font information for OML+lmm on input line 1
47.

(/usr/local/texlive/2024/texmf-dist/tex/latex/lm/omllmm.fd
File: omllmm.fd 2015/05/01 v1.6.1 Font defs for Latin Modern
)
LaTeX Font Info:    Trying to load font information for OMS+lmsy on input line 
147.

(/usr/local/texlive/2024/texmf-dist/tex/latex/lm/omslmsy.fd
File: omslmsy.fd 2015/05/01 v1.6.1 Font defs for Latin Modern
)
LaTeX Font Info:    Trying to load font information for OMX+lmex on input line 
147.

(/usr/local/texlive/2024/texmf-dist/tex/latex/lm/omxlmex.fd
File: omxlmex.fd 2015/05/01 v1.6.1 Font defs for Latin Modern
)
LaTeX Font Info:    External font `lmex10' loaded for size
(Font)              <10.95> on input line 147.
LaTeX Font Info:    External font `lmex10' loaded for size
(Font)              <8> on input line 147.
LaTeX Font Info:    External font `lmex10' loaded for size
(Font)              <6> on input line 147.
LaTeX Font Info:    Trying to load font information for U+msa on input line 147
.

(/usr/local/texlive/2024/texmf-dist/tex/latex/amsfonts/umsa.fd
File: umsa.fd 2013/01/14 v3.01 AMS symbols A
)
LaTeX Font Info:    Trying to load font information for U+msb on input line 147
.

(/usr/local/texlive/2024/texmf-dist/tex/latex/amsfonts/umsb.fd
File: umsb.fd 2013/01/14 v3.01 AMS symbols B
)
LaTeX Font Info:    Trying to load font information for U+rsfs on input line 14
7.

(/usr/local/texlive/2024/texmf-dist/tex/latex/jknapltx/ursfs.fd
File: ursfs.fd 1998/03/24 rsfs font definition file (jk)
)


<QR code requested for "https://drive.google.com/file/d/1sps4u8dw9_tvRp6UhNqEcX
g5qnlddG0J/view?usp=share_link" in version 0-M.>

<Copying the QR code for "https://drive.google.com/file/d/1sps4u8dw9_tvRp6UhNqE
cXg5qnlddG0J/view?usp=share_link" in version 6-M as previously calculated.>

Package fancyhdr Warning: \headheight is too small (12.0pt): 
(fancyhdr)                Make it at least 23.11996pt, for example:
(fancyhdr)                \setlength{\headheight}{23.11996pt}.
(fancyhdr)                You might also make \topmargin smaller to compensate:

(fancyhdr)                \addtolength{\topmargin}{-11.11996pt}.




<QR code requested for "https://drive.google.com/file/d/1nhTBCAbEeClaNDVt5PZKcA
qSF42J8PnC/view?usp=share_link" in version 0-M.>

<Copying the QR code for "https://drive.google.com/file/d/1nhTBCAbEeClaNDVt5PZK
cAqSF42J8PnC/view?usp=share_link" in version 6-M as previously calculated.>

Package fancyhdr Warning: \headheight is too small (12.0pt): 
(fancyhdr)                Make it at least 23.11996pt, for example:
(fancyhdr)                \setlength{\headheight}{23.11996pt}.
(fancyhdr)                You might also make \topmargin smaller to compensate:

(fancyhdr)                \addtolength{\topmargin}{-11.11996pt}.


Underfull \hbox (badness 10000) in paragraph at lines 266--267

 []


Underfull \hbox (badness 10000) in paragraph at lines 297--298

 []




<QR code requested for "https://drive.google.com/file/d/1JE5zH3SVRLobRiZSZs0xmB
UuXNlSH3T4/view?usp=share_link" in version 0-M.>

<Copying the QR code for "https://drive.google.com/file/d/1JE5zH3SVRLobRiZSZs0x
mBUuXNlSH3T4/view?usp=share_link" in version 6-M as previously calculated.>

Package fancyhdr Warning: \headheight is too small (12.0pt): 
(fancyhdr)                Make it at least 23.11996pt, for example:
(fancyhdr)                \setlength{\headheight}{23.11996pt}.
(fancyhdr)                You might also make \topmargin smaller to compensate:

(fancyhdr)                \addtolength{\topmargin}{-11.11996pt}.

[3{/usr/local/texlive/2024/texmf-var/fonts/map/pdftex/updmap/pdftex.map}{/usr/l
ocal/texlive/2024/texmf-dist/fonts/enc/dvips/lm/lm-ec.enc}

{/usr/local/texlive/2024/texmf-dist/fonts/enc/dvips/lm/lm-rm.enc}{/usr/local/te
xlive/2024/texmf-dist/fonts/enc/dvips/lm/lm-mathsy.enc}{/usr/local/texlive/2024
/texmf-dist/fonts/enc/dvips/lm/lm-mathit.enc}]
Underfull \hbox (badness 10000) in paragraph at lines 370--371

 []




<QR code requested for "https://drive.google.com/file/d/108oeL2sMvjDNRfJc6Oik7m
oojsxPxDm2/view?usp=share_link" in version 0-M.>

<Copying the QR code for "https://drive.google.com/file/d/108oeL2sMvjDNRfJc6Oik
7moojsxPxDm2/view?usp=share_link" in version 6-M as previously calculated.>

Package fancyhdr Warning: \headheight is too small (12.0pt): 
(fancyhdr)                Make it at least 23.11996pt, for example:
(fancyhdr)                \setlength{\headheight}{23.11996pt}.
(fancyhdr)                You might also make \topmargin smaller to compensate:

(fancyhdr)                \addtolength{\topmargin}{-11.11996pt}.

LaTeX Font Info:    External font `lmex10' loaded for size
(Font)              <5> on input line 453.
LaTeX Font Info:    External font `lmex10' loaded for size
(Font)              <10> on input line 462.
LaTeX Font Info:    External font `lmex10' loaded for size
(Font)              <7> on input line 462.



<QR code requested for "https://drive.google.com/file/d/1R32ojT7b6NxO9KPhIuq5Db
HLcwOVWpnR/view?usp=share_link" in version 0-M.>

<Copying the QR code for "https://drive.google.com/file/d/1R32ojT7b6NxO9KPhIuq5
DbHLcwOVWpnR/view?usp=share_link" in version 6-M as previously calculated.>

Package fancyhdr Warning: \headheight is too small (12.0pt): 
(fancyhdr)                Make it at least 23.11996pt, for example:
(fancyhdr)                \setlength{\headheight}{23.11996pt}.
(fancyhdr)                You might also make \topmargin smaller to compensate:

(fancyhdr)                \addtolength{\topmargin}{-11.11996pt}.

[5{/usr/local/texlive/2024/texmf-dist/fonts/enc/dvips/lm/lm-mathex.enc}]

Package fancyhdr Warning: \headheight is too small (12.0pt): 
(fancyhdr)                Make it at least 23.11996pt, for example:
(fancyhdr)                \setlength{\headheight}{23.11996pt}.
(fancyhdr)                You might also make \topmargin smaller to compensate:

(fancyhdr)                \addtolength{\topmargin}{-11.11996pt}.




<QR code requested for "https://drive.google.com/file/d/1rS_ZzNXlxCed-Wekn7ZRO9
Vy4WeM4UXZ/view?usp=share_link" in version 0-M.>

<Copying the QR code for "https://drive.google.com/file/d/1rS_ZzNXlxCed-Wekn7ZR
O9Vy4WeM4UXZ/view?usp=share_link" in version 6-M as previously calculated.>

Package fancyhdr Warning: \headheight is too small (12.0pt): 
(fancyhdr)                Make it at least 23.11996pt, for example:
(fancyhdr)                \setlength{\headheight}{23.11996pt}.
(fancyhdr)                You might also make \topmargin smaller to compensate:

(fancyhdr)                \addtolength{\topmargin}{-11.11996pt}.

[7]


<QR code requested for "https://drive.google.com/file/d/10-lAfgzcBVY2_49rC6JBKd
gVQ0pzl0vb/view?usp=share_link" in version 0-M.>

<Copying the QR code for "https://drive.google.com/file/d/10-lAfgzcBVY2_49rC6JB
KdgVQ0pzl0vb/view?usp=share_link" in version 6-M as previously calculated.>

Package fancyhdr Warning: \headheight is too small (12.0pt): 
(fancyhdr)                Make it at least 23.11996pt, for example:
(fancyhdr)                \setlength{\headheight}{23.11996pt}.
(fancyhdr)                You might also make \topmargin smaller to compensate:

(fancyhdr)                \addtolength{\topmargin}{-11.11996pt}.

LaTeX Font Info:    Trying to load font information for TS1+lmss on input line 
1084.
(/usr/local/texlive/2024/texmf-dist/tex/latex/lm/ts1lmss.fd
File: ts1lmss.fd 2015/05/01 v1.6.1 Font defs for Latin Modern
)


<QR code requested for "https://drive.google.com/file/d/10-lAfgzcBVY2_49rC6JBKd
gVQ0pzl0vb/view?usp=share_link" in version 0-M.>

<Copying the QR code for "https://drive.google.com/file/d/10-lAfgzcBVY2_49rC6JB
KdgVQ0pzl0vb/view?usp=share_link" in version 6-M as previously calculated.>

Package fancyhdr Warning: \headheight is too small (12.0pt): 
(fancyhdr)                Make it at least 23.11996pt, for example:
(fancyhdr)                \setlength{\headheight}{23.11996pt}.
(fancyhdr)                You might also make \topmargin smaller to compensate:

(fancyhdr)                \addtolength{\topmargin}{-11.11996pt}.

[9]


<QR code requested for "https://drive.google.com/file/d/13A7Va1hNL1ixIrNRobA38B
m8msEqJeNP/view?usp=share_link" in version 0-M.>

<Copying the QR code for "https://drive.google.com/file/d/13A7Va1hNL1ixIrNRobA3
8Bm8msEqJeNP/view?usp=share_link" in version 6-M as previously calculated.>

Package fancyhdr Warning: \headheight is too small (12.0pt): 
(fancyhdr)                Make it at least 23.11996pt, for example:
(fancyhdr)                \setlength{\headheight}{23.11996pt}.
(fancyhdr)                You might also make \topmargin smaller to compensate:

(fancyhdr)                \addtolength{\topmargin}{-11.11996pt}.




<QR code requested for "https://drive.google.com/file/d/1dBdFXx36p_QpIDlTBFS4e0
-3DILhT32u/view?usp=share_link" in version 0-M.>

<Copying the QR code for "https://drive.google.com/file/d/1dBdFXx36p_QpIDlTBFS4
e0-3DILhT32u/view?usp=share_link" in version 6-M as previously calculated.>

Package fancyhdr Warning: \headheight is too small (12.0pt): 
(fancyhdr)                Make it at least 23.11996pt, for example:
(fancyhdr)                \setlength{\headheight}{23.11996pt}.
(fancyhdr)                You might also make \topmargin smaller to compensate:

(fancyhdr)                \addtolength{\topmargin}{-11.11996pt}.

[11{/usr/local/texlive/2024/texmf-dist/fonts/enc/dvips/lm/lm-ts1.enc}]
Underfull \hbox (badness 10000) in paragraph at lines 1518--1520

 []




<QR code requested for "https://drive.google.com/file/d/1mNNxaLHhaB-oBZbCrcr9Wk
cBIBChMvgM/view?usp=share_link" in version 0-M.>

<Copying the QR code for "https://drive.google.com/file/d/1mNNxaLHhaB-oBZbCrcr9
WkcBIBChMvgM/view?usp=share_link" in version 6-M as previously calculated.>

Package fancyhdr Warning: \headheight is too small (12.0pt): 
(fancyhdr)                Make it at least 23.11996pt, for example:
(fancyhdr)                \setlength{\headheight}{23.11996pt}.
(fancyhdr)                You might also make \topmargin smaller to compensate:

(fancyhdr)                \addtolength{\topmargin}{-11.11996pt}.




<QR code requested for "https://drive.google.com/file/d/1b3ANwWIVe7WL9MoMKDVFnX
vxMvPqYtdu/view?usp=share_link" in version 0-M.>

<Copying the QR code for "https://drive.google.com/file/d/1b3ANwWIVe7WL9MoMKDVF
nXvxMvPqYtdu/view?usp=share_link" in version 6-M as previously calculated.>

Package fancyhdr Warning: \headheight is too small (12.0pt): 
(fancyhdr)                Make it at least 23.11996pt, for example:
(fancyhdr)                \setlength{\headheight}{23.11996pt}.
(fancyhdr)                You might also make \topmargin smaller to compensate:

(fancyhdr)                \addtolength{\topmargin}{-11.11996pt}.

[13]

Package fancyhdr Warning: \headheight is too small (12.0pt): 
(fancyhdr)                Make it at least 23.11996pt, for example:
(fancyhdr)                \setlength{\headheight}{23.11996pt}.
(fancyhdr)                You might also make \topmargin smaller to compensate:

(fancyhdr)                \addtolength{\topmargin}{-11.11996pt}.




<QR code requested for "https://drive.google.com/file/d/1B9Lqc05vQgLkM9tc0pmuuc
WQsfnaEBOR/view?usp=share_link" in version 0-M.>

<Copying the QR code for "https://drive.google.com/file/d/1B9Lqc05vQgLkM9tc0pmu
ucWQsfnaEBOR/view?usp=share_link" in version 6-M as previously calculated.>

Package fancyhdr Warning: \headheight is too small (12.0pt): 
(fancyhdr)                Make it at least 23.11996pt, for example:
(fancyhdr)                \setlength{\headheight}{23.11996pt}.
(fancyhdr)                You might also make \topmargin smaller to compensate:

(fancyhdr)                \addtolength{\topmargin}{-11.11996pt}.

[15]

Package fancyhdr Warning: \headheight is too small (12.0pt): 
(fancyhdr)                Make it at least 23.11996pt, for example:
(fancyhdr)                \setlength{\headheight}{23.11996pt}.
(fancyhdr)                You might also make \topmargin smaller to compensate:

(fancyhdr)                \addtolength{\topmargin}{-11.11996pt}.




<QR code requested for "https://drive.google.com/file/d/1UdMeXiQHf4kilv8roqpS6p
jL6ZqD_ic6/view?usp=sharing" in version 0-M.>

<Copying the QR code for "https://drive.google.com/file/d/1UdMeXiQHf4kilv8roqpS
6pjL6ZqD_ic6/view?usp=sharing" in version 5-M as previously calculated.>

Package fancyhdr Warning: \headheight is too small (12.0pt): 
(fancyhdr)                Make it at least 23.11996pt, for example:
(fancyhdr)                \setlength{\headheight}{23.11996pt}.
(fancyhdr)                You might also make \topmargin smaller to compensate:

(fancyhdr)                \addtolength{\topmargin}{-11.11996pt}.

[17]

Package fancyhdr Warning: \headheight is too small (12.0pt): 
(fancyhdr)                Make it at least 23.11996pt, for example:
(fancyhdr)                \setlength{\headheight}{23.11996pt}.
(fancyhdr)                You might also make \topmargin smaller to compensate:

(fancyhdr)                \addtolength{\topmargin}{-11.11996pt}.




<QR code requested for "https://drive.google.com/file/d/17lbnEM1sRljE6y6WuphKuI
ec39O7DZEa/view?usp=share_link" in version 0-M.>

<Copying the QR code for "https://drive.google.com/file/d/17lbnEM1sRljE6y6WuphK
uIec39O7DZEa/view?usp=share_link" in version 6-M as previously calculated.>

Package fancyhdr Warning: \headheight is too small (12.0pt): 
(fancyhdr)                Make it at least 23.11996pt, for example:
(fancyhdr)                \setlength{\headheight}{23.11996pt}.
(fancyhdr)                You might also make \topmargin smaller to compensate:

(fancyhdr)                \addtolength{\topmargin}{-11.11996pt}.

[19]


<QR code requested for "https://drive.google.com/file/d/11txHiN6eAdh-QaTLiudfQz
9OGPxIRaAg/view?usp=share_link" in version 0-M.>

<Copying the QR code for "https://drive.google.com/file/d/11txHiN6eAdh-QaTLiudf
Qz9OGPxIRaAg/view?usp=share_link" in version 6-M as previously calculated.>

Package fancyhdr Warning: \headheight is too small (12.0pt): 
(fancyhdr)                Make it at least 23.11996pt, for example:
(fancyhdr)                \setlength{\headheight}{23.11996pt}.
(fancyhdr)                You might also make \topmargin smaller to compensate:

(fancyhdr)                \addtolength{\topmargin}{-11.11996pt}.


Underfull \hbox (badness 10000) in paragraph at lines 2279--2280

 []


Underfull \hbox (badness 10000) in paragraph at lines 2317--2318

 []




<QR code requested for "https://drive.google.com/file/d/1bAcNO7-8En_F3FrsQ-fV33
L4Ypjrk_fY/view?usp=share_link" in version 0-M.>

<Copying the QR code for "https://drive.google.com/file/d/1bAcNO7-8En_F3FrsQ-fV
33L4Ypjrk_fY/view?usp=share_link" in version 6-M as previously calculated.>

Package fancyhdr Warning: \headheight is too small (12.0pt): 
(fancyhdr)                Make it at least 23.11996pt, for example:
(fancyhdr)                \setlength{\headheight}{23.11996pt}.
(fancyhdr)                You might also make \topmargin smaller to compensate:

(fancyhdr)                \addtolength{\topmargin}{-11.11996pt}.

[21]
Overfull \hbox (28.22658pt too wide) in paragraph at lines 2350--2372
[]$  $[]$ 
 []


Overfull \hbox (28.22658pt too wide) in paragraph at lines 2393--2416
[]$  $[]$ 
 []




<QR code requested for "https://drive.google.com/file/d/1Dkqawj8Dr5yYW3_yvMTKHR
-CgJD2zqW8/view?usp=share_link" in version 0-M.>

<Copying the QR code for "https://drive.google.com/file/d/1Dkqawj8Dr5yYW3_yvMTK
HR-CgJD2zqW8/view?usp=share_link" in version 6-M as previously calculated.>

Package fancyhdr Warning: \headheight is too small (12.0pt): 
(fancyhdr)                Make it at least 23.11996pt, for example:
(fancyhdr)                \setlength{\headheight}{23.11996pt}.
(fancyhdr)                You might also make \topmargin smaller to compensate:

(fancyhdr)                \addtolength{\topmargin}{-11.11996pt}.




<QR code requested for "https://drive.google.com/file/d/13Y02Uxx_mJAgZOixPhb4Ip
b7Ge2s_L6g/view?usp=share_link" in version 0-M.>

<Copying the QR code for "https://drive.google.com/file/d/13Y02Uxx_mJAgZOixPhb4
Ipb7Ge2s_L6g/view?usp=share_link" in version 6-M as previously calculated.>

Package fancyhdr Warning: \headheight is too small (12.0pt): 
(fancyhdr)                Make it at least 23.11996pt, for example:
(fancyhdr)                \setlength{\headheight}{23.11996pt}.
(fancyhdr)                You might also make \topmargin smaller to compensate:

(fancyhdr)                \addtolength{\topmargin}{-11.11996pt}.

[23]


<QR code requested for "https://drive.google.com/file/d/1V5LpYoUNeuL8cPaoKXyr2P
DDmpbPnb1b/view?usp=share_link" in version 0-M.>

<Copying the QR code for "https://drive.google.com/file/d/1V5LpYoUNeuL8cPaoKXyr
2PDDmpbPnb1b/view?usp=share_link" in version 6-M as previously calculated.>

Underfull \hbox (badness 10000) in paragraph at lines 2652--2652

 []


Package fancyhdr Warning: \headheight is too small (12.0pt): 
(fancyhdr)                Make it at least 23.11996pt, for example:
(fancyhdr)                \setlength{\headheight}{23.11996pt}.
(fancyhdr)                You might also make \topmargin smaller to compensate:

(fancyhdr)                \addtolength{\topmargin}{-11.11996pt}.




<QR code requested for "https://drive.google.com/file/d/1LoPPFIbX55uzKmTWxEY_aQ
gsQiMsdIkr/view?usp=share_link" in version 0-M.>

<Copying the QR code for "https://drive.google.com/file/d/1LoPPFIbX55uzKmTWxEY_
aQgsQiMsdIkr/view?usp=share_link" in version 6-M as previously calculated.>

Underfull \hbox (badness 10000) in paragraph at lines 2770--2771

 []


Package fancyhdr Warning: \headheight is too small (12.0pt): 
(fancyhdr)                Make it at least 23.11996pt, for example:
(fancyhdr)                \setlength{\headheight}{23.11996pt}.
(fancyhdr)                You might also make \topmargin smaller to compensate:

(fancyhdr)                \addtolength{\topmargin}{-11.11996pt}.

[25]

Package fancyhdr Warning: \headheight is too small (12.0pt): 
(fancyhdr)                Make it at least 23.11996pt, for example:
(fancyhdr)                \setlength{\headheight}{23.11996pt}.
(fancyhdr)                You might also make \topmargin smaller to compensate:

(fancyhdr)                \addtolength{\topmargin}{-11.11996pt}.




<QR code requested for "https://drive.google.com/file/d/1Hw97yZJ8HVF8ZeRJjyxn6B
lRngandPAV/view?usp=share_link" in version 0-M.>

<Copying the QR code for "https://drive.google.com/file/d/1Hw97yZJ8HVF8ZeRJjyxn
6BlRngandPAV/view?usp=share_link" in version 6-M as previously calculated.>
LaTeX Font Info:    Trying to load font information for T1+lmtt on input line 2
930.
(/usr/local/texlive/2024/texmf-dist/tex/latex/lm/t1lmtt.fd
File: t1lmtt.fd 2015/05/01 v1.6.1 Font defs for Latin Modern
)
Underfull \hbox (badness 10000) in paragraph at lines 2930--2931

 []


Package fancyhdr Warning: \headheight is too small (12.0pt): 
(fancyhdr)                Make it at least 23.11996pt, for example:
(fancyhdr)                \setlength{\headheight}{23.11996pt}.
(fancyhdr)                You might also make \topmargin smaller to compensate:

(fancyhdr)                \addtolength{\topmargin}{-11.11996pt}.

[27]

Package fancyhdr Warning: \headheight is too small (12.0pt): 
(fancyhdr)                Make it at least 23.11996pt, for example:
(fancyhdr)                \setlength{\headheight}{23.11996pt}.
(fancyhdr)                You might also make \topmargin smaller to compensate:

(fancyhdr)                \addtolength{\topmargin}{-11.11996pt}.




<QR code requested for "https://drive.google.com/file/d/1m4_1wkPsjMednHWP-vXP1Z
afFRC_DKjd/view?usp=share_link" in version 0-M.>

<Copying the QR code for "https://drive.google.com/file/d/1m4_1wkPsjMednHWP-vXP
1ZafFRC_DKjd/view?usp=share_link" in version 6-M as previously calculated.>

Underfull \hbox (badness 10000) in paragraph at lines 3108--3108

 []

LaTeX Font Info:    External font `lmex10' loaded for size
(Font)              <9> on input line 3137.

Underfull \hbox (badness 10000) in paragraph at lines 3151--3152

 []


Package fancyhdr Warning: \headheight is too small (12.0pt): 
(fancyhdr)                Make it at least 23.11996pt, for example:
(fancyhdr)                \setlength{\headheight}{23.11996pt}.
(fancyhdr)                You might also make \topmargin smaller to compensate:

(fancyhdr)                \addtolength{\topmargin}{-11.11996pt}.

[29]

Package fancyhdr Warning: \headheight is too small (12.0pt): 
(fancyhdr)                Make it at least 23.11996pt, for example:
(fancyhdr)                \setlength{\headheight}{23.11996pt}.
(fancyhdr)                You might also make \topmargin smaller to compensate:

(fancyhdr)                \addtolength{\topmargin}{-11.11996pt}.




<QR code requested for "https://drive.google.com/file/d/1C2G1GcPUotEAZiG-Enlb3N
_Q-xcAteOj/view?usp=share_link" in version 0-M.>

<Copying the QR code for "https://drive.google.com/file/d/1C2G1GcPUotEAZiG-Enlb
3N_Q-xcAteOj/view?usp=share_link" in version 6-M as previously calculated.>

Underfull \hbox (badness 10000) in paragraph at lines 3398--3398

 []


Underfull \hbox (badness 10000) in paragraph at lines 3543--3544

 []


Package fancyhdr Warning: \headheight is too small (12.0pt): 
(fancyhdr)                Make it at least 23.11996pt, for example:
(fancyhdr)                \setlength{\headheight}{23.11996pt}.
(fancyhdr)                You might also make \topmargin smaller to compensate:

(fancyhdr)                \addtolength{\topmargin}{-11.11996pt}.

[31]

Package fancyhdr Warning: \headheight is too small (12.0pt): 
(fancyhdr)                Make it at least 23.11996pt, for example:
(fancyhdr)                \setlength{\headheight}{23.11996pt}.
(fancyhdr)                You might also make \topmargin smaller to compensate:

(fancyhdr)                \addtolength{\topmargin}{-11.11996pt}.




<QR code requested for "https://drive.google.com/file/d/1IAM6Qd5fYV-JWHiTLAnXiU
jfVqsX24JT/view?usp=share_link" in version 0-M.>

<Copying the QR code for "https://drive.google.com/file/d/1IAM6Qd5fYV-JWHiTLAnX
iUjfVqsX24JT/view?usp=share_link" in version 6-M as previously calculated.>

Package fancyhdr Warning: \headheight is too small (12.0pt): 
(fancyhdr)                Make it at least 23.11996pt, for example:
(fancyhdr)                \setlength{\headheight}{23.11996pt}.
(fancyhdr)                You might also make \topmargin smaller to compensate:

(fancyhdr)                \addtolength{\topmargin}{-11.11996pt}.

[33]
Underfull \hbox (badness 10000) in paragraph at lines 3581--3582

 []


Underfull \hbox (badness 10000) in paragraph at lines 3602--3635

 []


Underfull \hbox (badness 10000) in paragraph at lines 3639--3640

 []


Package fancyhdr Warning: \headheight is too small (12.0pt): 
(fancyhdr)                Make it at least 23.11996pt, for example:
(fancyhdr)                \setlength{\headheight}{23.11996pt}.
(fancyhdr)                You might also make \topmargin smaller to compensate:

(fancyhdr)                \addtolength{\topmargin}{-11.11996pt}.


Package fancyhdr Warning: \headheight is too small (12.0pt): 
(fancyhdr)                Make it at least 23.11996pt, for example:
(fancyhdr)                \setlength{\headheight}{23.11996pt}.
(fancyhdr)                You might also make \topmargin smaller to compensate:

(fancyhdr)                \addtolength{\topmargin}{-11.11996pt}.

[35]
Underfull \hbox (badness 10000) in paragraph at lines 3689--3691

 []


Underfull \hbox (badness 10000) in paragraph at lines 3725--3728

 []




<QR code requested for "https://drive.google.com/file/d/1IH6DPV1vLf8wtOf17YT_o8
nM8wJoOeID/view?usp=share_link" in version 0-M.>

<Copying the QR code for "https://drive.google.com/file/d/1IH6DPV1vLf8wtOf17YT_
o8nM8wJoOeID/view?usp=share_link" in version 6-M as previously calculated.>

Package fancyhdr Warning: \headheight is too small (12.0pt): 
(fancyhdr)                Make it at least 23.11996pt, for example:
(fancyhdr)                \setlength{\headheight}{23.11996pt}.
(fancyhdr)                You might also make \topmargin smaller to compensate:

(fancyhdr)                \addtolength{\topmargin}{-11.11996pt}.




<QR code requested for "https://drive.google.com/file/d/1kQMdsOwn1Ki2rcoiaasZhs
50XvjgdyfJ/view?usp=sharing" in version 0-M.>

<Copying the QR code for "https://drive.google.com/file/d/1kQMdsOwn1Ki2rcoiaasZ
hs50XvjgdyfJ/view?usp=sharing" in version 5-M as previously calculated.>

Package fancyhdr Warning: \headheight is too small (12.0pt): 
(fancyhdr)                Make it at least 23.11996pt, for example:
(fancyhdr)                \setlength{\headheight}{23.11996pt}.
(fancyhdr)                You might also make \topmargin smaller to compensate:

(fancyhdr)                \addtolength{\topmargin}{-11.11996pt}.

[37]

Package fancyhdr Warning: \headheight is too small (12.0pt): 
(fancyhdr)                Make it at least 23.11996pt, for example:
(fancyhdr)                \setlength{\headheight}{23.11996pt}.
(fancyhdr)                You might also make \topmargin smaller to compensate:

(fancyhdr)                \addtolength{\topmargin}{-11.11996pt}.


Underfull \hbox (badness 10000) in paragraph at lines 3933--3934

 []


Underfull \hbox (badness 10000) in paragraph at lines 4043--4044

 []




<QR code requested for "https://drive.google.com/file/d/1JUIgwYsNJfsAFQpqU6gxJY
1EP4wQuuem/view?usp=sharing" in version 0-M.>

<Copying the QR code for "https://drive.google.com/file/d/1JUIgwYsNJfsAFQpqU6gx
JY1EP4wQuuem/view?usp=sharing" in version 5-M as previously calculated.>

Package fancyhdr Warning: \headheight is too small (12.0pt): 
(fancyhdr)                Make it at least 23.11996pt, for example:
(fancyhdr)                \setlength{\headheight}{23.11996pt}.
(fancyhdr)                You might also make \topmargin smaller to compensate:

(fancyhdr)                \addtolength{\topmargin}{-11.11996pt}.

[39]
Overfull \hbox (8.969pt too wide) in paragraph at lines 4109--4131
[] 
 []


Overfull \hbox (8.969pt too wide) in paragraph at lines 4132--4153
[] 
 []


Overfull \hbox (8.969pt too wide) in paragraph at lines 4154--4175
[] 
 []


Overfull \hbox (8.969pt too wide) in paragraph at lines 4176--4197
[] 
 []


Underfull \hbox (badness 10000) in paragraph at lines 4216--4217

 []


Package fancyhdr Warning: \headheight is too small (12.0pt): 
(fancyhdr)                Make it at least 23.11996pt, for example:
(fancyhdr)                \setlength{\headheight}{23.11996pt}.
(fancyhdr)                You might also make \topmargin smaller to compensate:

(fancyhdr)                \addtolength{\topmargin}{-11.11996pt}.


Underfull \hbox (badness 10000) in paragraph at lines 4247--4250

 []


Underfull \hbox (badness 10000) in paragraph at lines 4247--4250

 []




<QR code requested for "https://drive.google.com/file/d/1NC5nBTjjjPwd6yDH-kiC7j
RW2gjM_AuJ/view?usp=sharing" in version 0-M.>

<Calculating QR code for "https://drive.google.com/file/d/1NC5nBTjjjPwd6yDH-kiC
7jRW2gjM_AuJ/view?usp=sharing" in version 5-M.>
<Splitting off block 1> <Splitting off block 2> <Making error block 1>
<Making error block 2> <Interleaving datablocks of length 43\ and 44:  1, 2,
3, 4, 5, 6, 7, 8, 9, 10, 11, 12, 13, 14, 15, 16, 17, 18, 19, 20, 21, 22, 23,
24, 25, 26, 27, 28, 29, 30, 31, 32, 33, 34, 35, 36, 37, 38, 39, 40, 41, 42,
43, .> <Interleaving errorblocks of length 24:  1, 2, 3, 4, 5, 6, 7, 8, 9, 10,
11, 12, 13, 14, 15, 16, 17, 18, 19, 20, 21, 22, 23, 24,
.><Interleaving complete.> <Writing data... done.>
<Applying Mask 0... done. Calculating penalty... penalty is 1708>
<Applying Mask 1... done. Calculating penalty... penalty is 1439>
<Applying Mask 2... done. Calculating penalty... penalty is 1467>
<Applying Mask 3... done. Calculating penalty... penalty is 1490>
<Applying Mask 4... done. Calculating penalty... penalty is 1544>
<Applying Mask 5... done. Calculating penalty... penalty is 1606>
<Applying Mask 6... done. Calculating penalty... penalty is 1421>
<Applying Mask 7... done. Calculating penalty... penalty is 1639>
<Selected Mask 6>
<Encoding and writing format string... done.>
<Encoding and writing version information... done.>
<Saving QR code to memory... done.>
<Writing QR code to aux file... done.>
<Printing matrix... done.>


Package fancyhdr Warning: \headheight is too small (12.0pt): 
(fancyhdr)                Make it at least 23.11996pt, for example:
(fancyhdr)                \setlength{\headheight}{23.11996pt}.
(fancyhdr)                You might also make \topmargin smaller to compensate:

(fancyhdr)                \addtolength{\topmargin}{-11.11996pt}.

[41]
Underfull \hbox (badness 10000) in paragraph at lines 4413--4416

 []


Underfull \hbox (badness 10000) in paragraph at lines 4413--4416

 []


Package fancyhdr Warning: \headheight is too small (12.0pt): 
(fancyhdr)                Make it at least 23.11996pt, for example:
(fancyhdr)                \setlength{\headheight}{23.11996pt}.
(fancyhdr)                You might also make \topmargin smaller to compensate:

(fancyhdr)                \addtolength{\topmargin}{-11.11996pt}.


Underfull \hbox (badness 10000) in paragraph at lines 4578--4580

 []


Overfull \hbox (28.22658pt too wide) in paragraph at lines 4581--4706
[]$[]$  $[]$ 
 []


Overfull \hbox (25.79324pt too wide) in paragraph at lines 4714--4762
[]$ $[]$ 
 []


Package fancyhdr Warning: \headheight is too small (12.0pt): 
(fancyhdr)                Make it at least 23.11996pt, for example:
(fancyhdr)                \setlength{\headheight}{23.11996pt}.
(fancyhdr)                You might also make \topmargin smaller to compensate:

(fancyhdr)                \addtolength{\topmargin}{-11.11996pt}.

[43]
Overfull \hbox (28.22658pt too wide) in paragraph at lines 4822--4949
[]$  $[]$ 
 []


Overfull \hbox (25.79324pt too wide) in paragraph at lines 4958--5003
[]$ $[]$ 
 []


Package fancyhdr Warning: \headheight is too small (12.0pt): 
(fancyhdr)                Make it at least 23.11996pt, for example:
(fancyhdr)                \setlength{\headheight}{23.11996pt}.
(fancyhdr)                You might also make \topmargin smaller to compensate:

(fancyhdr)                \addtolength{\topmargin}{-11.11996pt}.


Package fancyhdr Warning: \headheight is too small (12.0pt): 
(fancyhdr)                Make it at least 23.11996pt, for example:
(fancyhdr)                \setlength{\headheight}{23.11996pt}.
(fancyhdr)                You might also make \topmargin smaller to compensate:

(fancyhdr)                \addtolength{\topmargin}{-11.11996pt}.

[45]
Underfull \hbox (badness 10000) in paragraph at lines 5254--5255

 []


Overfull \vbox (0.16817pt too high) has occurred while \output is active []



Package fancyhdr Warning: \headheight is too small (12.0pt): 
(fancyhdr)                Make it at least 23.11996pt, for example:
(fancyhdr)                \setlength{\headheight}{23.11996pt}.
(fancyhdr)                You might also make \topmargin smaller to compensate:

(fancyhdr)                \addtolength{\topmargin}{-11.11996pt}.

[47] (./Livret d'automatismes.aux
<Reading QR code for "https://drive.google.com/file/d/1sps4u8dw9_tvRp6UhNqEcXg5
qnlddG0J/view?usp=share_link" at level 6-M from aux file.>

<Reading QR code for "https://drive.google.com/file/d/1nhTBCAbEeClaNDVt5PZKcAqS
F42J8PnC/view?usp=share_link" at level 6-M from aux file.>

<Reading QR code for "https://drive.google.com/file/d/1JE5zH3SVRLobRiZSZs0xmBUu
XNlSH3T4/view?usp=share_link" at level 6-M from aux file.>

<Reading QR code for "https://drive.google.com/file/d/108oeL2sMvjDNRfJc6Oik7moo
jsxPxDm2/view?usp=share_link" at level 6-M from aux file.>

<Reading QR code for "https://drive.google.com/file/d/1R32ojT7b6NxO9KPhIuq5DbHL
cwOVWpnR/view?usp=share_link" at level 6-M from aux file.>

<Reading QR code for "https://drive.google.com/file/d/1rS_ZzNXlxCed-Wekn7ZRO9Vy
4WeM4UXZ/view?usp=share_link" at level 6-M from aux file.>

<Reading QR code for "https://drive.google.com/file/d/10-lAfgzcBVY2_49rC6JBKdgV
Q0pzl0vb/view?usp=share_link" at level 6-M from aux file.>

<Reading QR code for "https://drive.google.com/file/d/13A7Va1hNL1ixIrNRobA38Bm8
msEqJeNP/view?usp=share_link" at level 6-M from aux file.>

<Reading QR code for "https://drive.google.com/file/d/1dBdFXx36p_QpIDlTBFS4e0-3
DILhT32u/view?usp=share_link" at level 6-M from aux file.>

<Reading QR code for "https://drive.google.com/file/d/1mNNxaLHhaB-oBZbCrcr9WkcB
IBChMvgM/view?usp=share_link" at level 6-M from aux file.>

<Reading QR code for "https://drive.google.com/file/d/1b3ANwWIVe7WL9MoMKDVFnXvx
MvPqYtdu/view?usp=share_link" at level 6-M from aux file.>

<Reading QR code for "https://drive.google.com/file/d/1B9Lqc05vQgLkM9tc0pmuucWQ
sfnaEBOR/view?usp=share_link" at level 6-M from aux file.>

<Reading QR code for "https://drive.google.com/file/d/1UdMeXiQHf4kilv8roqpS6pjL
6ZqD_ic6/view?usp=sharing" at level 5-M from aux file.>

<Reading QR code for "https://drive.google.com/file/d/17lbnEM1sRljE6y6WuphKuIec
39O7DZEa/view?usp=share_link" at level 6-M from aux file.>

<Reading QR code for "https://drive.google.com/file/d/11txHiN6eAdh-QaTLiudfQz9O
GPxIRaAg/view?usp=share_link" at level 6-M from aux file.>

<Reading QR code for "https://drive.google.com/file/d/1bAcNO7-8En_F3FrsQ-fV33L4
Ypjrk_fY/view?usp=share_link" at level 6-M from aux file.>

<Reading QR code for "https://drive.google.com/file/d/1Dkqawj8Dr5yYW3_yvMTKHR-C
gJD2zqW8/view?usp=share_link" at level 6-M from aux file.>

<Reading QR code for "https://drive.google.com/file/d/13Y02Uxx_mJAgZOixPhb4Ipb7
Ge2s_L6g/view?usp=share_link" at level 6-M from aux file.>

<Reading QR code for "https://drive.google.com/file/d/1V5LpYoUNeuL8cPaoKXyr2PDD
mpbPnb1b/view?usp=share_link" at level 6-M from aux file.>

<Reading QR code for "https://drive.google.com/file/d/1LoPPFIbX55uzKmTWxEY_aQgs
QiMsdIkr/view?usp=share_link" at level 6-M from aux file.>

<Reading QR code for "https://drive.google.com/file/d/1Hw97yZJ8HVF8ZeRJjyxn6BlR
ngandPAV/view?usp=share_link" at level 6-M from aux file.>

<Reading QR code for "https://drive.google.com/file/d/1m4_1wkPsjMednHWP-vXP1Zaf
FRC_DKjd/view?usp=share_link" at level 6-M from aux file.>

<Reading QR code for "https://drive.google.com/file/d/1C2G1GcPUotEAZiG-Enlb3N_Q
-xcAteOj/view?usp=share_link" at level 6-M from aux file.>

<Reading QR code for "https://drive.google.com/file/d/1IAM6Qd5fYV-JWHiTLAnXiUjf
VqsX24JT/view?usp=share_link" at level 6-M from aux file.>

<Reading QR code for "https://drive.google.com/file/d/1IH6DPV1vLf8wtOf17YT_o8nM
8wJoOeID/view?usp=share_link" at level 6-M from aux file.>

<Reading QR code for "https://drive.google.com/file/d/1kQMdsOwn1Ki2rcoiaasZhs50
XvjgdyfJ/view?usp=sharing" at level 5-M from aux file.>

<Reading QR code for "https://drive.google.com/file/d/1JUIgwYsNJfsAFQpqU6gxJY1E
P4wQuuem/view?usp=sharing" at level 5-M from aux file.>

<Reading QR code for "https://drive.google.com/file/d/1NC5nBTjjjPwd6yDH-kiC7jRW
2gjM_AuJ/view?usp=sharing" at level 5-M from aux file.>
)
 ***********
LaTeX2e <2023-11-01> patch level 1
L3 programming layer <2020/03/25>
 ***********
 ) 
Here is how much of TeX's memory you used:
 76464 strings out of 474116
 1796439 string characters out of 5743682
 3419413 words of memory out of 5000000
 97267 multiletter control sequences out of 15000+600000
 612897 words of font info for 96 fonts, out of 8000000 for 9000
 1141 hyphenation exceptions out of 8191
 109i,16n,309p,2769b,3034s stack positions out of 10000i,1000n,20000p,200000b,200000s
</usr/local/texlive/2024/texmf-dist/fonts/type1/public/eurosym/feymr10.pfb></
usr/local/texlive/2024/texmf-dist/fonts/type1/public/lm/lmex10.pfb></usr/local/
texlive/2024/texmf-dist/fonts/type1/public/lm/lmmi10.pfb></usr/local/texlive/20
24/texmf-dist/fonts/type1/public/lm/lmmi8.pfb></usr/local/texlive/2024/texmf-di
st/fonts/type1/public/lm/lmr10.pfb></usr/local/texlive/2024/texmf-dist/fonts/ty
pe1/public/lm/lmr6.pfb></usr/local/texlive/2024/texmf-dist/fonts/type1/public/l
m/lmr8.pfb></usr/local/texlive/2024/texmf-dist/fonts/type1/public/lm/lmr9.pfb><
/usr/local/texlive/2024/texmf-dist/fonts/type1/public/lm/lmss10.pfb></usr/local
/texlive/2024/texmf-dist/fonts/type1/public/lm/lmss8.pfb></usr/local/texlive/20
24/texmf-dist/fonts/type1/public/lm/lmssbx10.pfb></usr/local/texlive/2024/texmf
-dist/fonts/type1/public/lm/lmsy10.pfb></usr/local/texlive/2024/texmf-dist/font
s/type1/public/lm/lmsy8.pfb></usr/local/texlive/2024/texmf-dist/fonts/type1/pub
lic/lm/lmtt10.pfb></usr/local/texlive/2024/texmf-dist/fonts/type1/public/amsfon
ts/symbols/msam10.pfb></usr/local/texlive/2024/texmf-dist/fonts/type1/public/am
sfonts/symbols/msbm10.pfb></usr/local/texlive/2024/texmf-dist/fonts/type1/publi
c/rsfs/rsfs10.pfb>
Output written on "Livret d'automatismes.pdf" (23 pages, 495265 bytes).
PDF statistics:
 200 PDF objects out of 1000 (max. 8388607)
 122 compressed objects within 2 object streams
 0 named destinations out of 1000 (max. 500000)
 109 words of extra memory for PDF output out of 10000 (max. 10000000)

